masterfile1,;HEADER SIZE...................,;VEHICLE NAME..................,;MISSION NAME..................,;MISSION TYPE..................,;MISSION OPERATOR..............,;MISSION CUSTOMER..............,;LAUNCH DATE...................,;LAUNCH TIME  (UTC ZULU).......,;EVENT DESCRIPTION.............,;EVENT SITE....................,;PROJECT.......................,;ORGANIZATION..................,;RECORDER LOCATION.............,;RECORDER LOCATION SHORT NAME..,;SAMPLES TOTAL.................,;RUN NOTES.....................,;CH NUMBER.....................,;CH DESCRIPTION................,;TRANSDUCER MODEL..............,;TRANSDUCER SN.................,;MEAS SENS (mV/Pa).............,;ORIENTATION...................,;WINDSCREEN....................,;GRID..........................,;PREAMP MODEL..................,;RECORDER MODEL................,;COORDINATES...................,;DATUM.........................,;LATITUDE......................,;LONGITUDE.....................,;MICROPHONE HEIGHT AGL M.......,;CH NOTES......................,T=-12,T=-11,T=-10,T=-9,T=-8,T=-7,T=-6,T=-5,T=-4,T=-3,T=-2,T=-1,T=0,T=1,T=2,T=3,T=4,T=5,T=6,T=7,T=8,T=9,T=10,T=11,T=12,T=13,T=14,T=15,T=16,T=17,T=18,T=19,T=20,T=21,T=22,T=23,T=24,T=25,T=26,T=27,T=28,T=29,T=30,T=31,T=32,T=33,T=34,T=35,T=36,T=37,T=38,T=39,T=40,T=41,T=42,T=43,T=44,T=45,T=46,T=47,T=48,T=49,T=50,T=51,T=52,T=53,T=54,T=55,T=56,T=57,T=58,T=59,T=60,T=61,T=62,T=63,T=64,T=65,T=66,T=67,T=68,T=69,T=70,T=71,T=72,T=73,T=74,T=75,T=76,T=77,T=78,T=79,T=80,T=81,T=82,T=83,T=84,T=85,T=86,T=87,T=88,T=89,T=90,T=91,T=92,T=93,T=94,T=95,T=96,T=97,T=98,T=99,T=100,T=101,T=102,T=103,T=104,T=105,T=106,T=107,T=108,T=109,T=110,T=111,T=112,T=113,T=114,T=115,T=116,T=117,T=118,T=119,T=120,T=121,T=122,T=123,T=124,T=125,T=126,T=127,T=128,T=129,T=130,T=131,T=132,T=133,T=134,T=135,T=136,T=137,T=138,T=139,T=140,T=141,T=142,T=143,T=144,T=145,T=146,T=147,T=148,T=149,T=150,T=151,T=152,T=153,T=154,T=155,T=156,T=157,T=158,T=159,T=160,T=161,T=162,T=163,T=164,T=165,T=166,T=167,T=168,T=169,T=170,T=171,T=172,T=173,T=174,T=175,T=176,T=177,T=178,T=179,T=180,T=181,T=182,T=183,T=184,T=185,T=186,T=187,T=188,T=189,T=190,T=191,T=192,T=193,T=194,T=195,T=196,T=197,T=198,T=199,T=200,T=201,T=202,T=203,T=204,T=205,T=206,T=207,T=208,T=209,T=210,T=211,T=212,T=213,T=214,T=215,T=216,T=217,T=218,T=219,T=220,T=221,T=222,T=223,T=224,T=225,T=226,T=227,T=228,T=229,T=230,T=231,T=232,T=233,T=234,T=235,T=236,T=237,T=238,T=239,T=240,T=241,T=242,T=243,T=244,T=245,T=246,T=247,T=248,T=249,T=250,T=251,T=252,T=253,T=254,T=255,T=256,T=257,T=258,T=259,T=260,T=261,T=262,T=263,T=264,T=265,T=266,T=267,T=268,T=269,T=270,T=271,T=272,T=273,T=274,T=275,T=276,T=277,T=278,T=279,T=280,T=281,T=282,T=283,T=284,T=285,T=286,T=287,T=288,T=289,T=290,T=291,T=292,T=293,T=294,T=295,T=296,T=297,T=298,T=299,T=300,T=301,T=302,T=303,T=304,T=305,T=306,T=307,T=308,T=309,T=310,T=311,T=312,T=313,T=314,T=315,T=316,T=317,T=318,T=319,T=320,T=321,T=322,T=323,T=324,T=325,T=326,T=327,T=328,T=329,T=330,T=331,T=332,T=333,T=334,T=335,T=336,T=337,T=338,T=339,T=340,T=341,T=342,T=343,T=344,T=345,T=346,T=347,T=348,T=349,T=350,T=351,T=352,T=353,T=354,T=355,T=356,T=357,T=358,T=359,T=360,T=361,T=362,T=363,T=364,T=365,T=366,T=367,T=368,T=369,T=370,T=371,T=372,T=373,T=374,T=375,T=376,T=377,T=378,T=379,T=380,T=381,T=382,T=383,T=384,T=385,T=386,T=387,T=388,T=389,T=390,T=391,T=392,T=393,T=394,T=395,T=396,T=397,T=398,T=399,T=400,T=401,T=402,T=403,T=404,T=405,T=406,T=407,T=408,T=409,T=410,T=411,T=412,T=413
masterfile2,32,FALCON 9 BLOCK 4,CRS-15,ISS RESUPPLY,SPACE EXPLORATION TECHNOLOGIES CORP.,NASA,29 JUNE 2018,09:42:42.000,LAUNCH NOISE,SLC-40,ACRP PROJECT 02-81,BLUE RIDGE RESEARCH AND CONSULTING,Pump House 7,PUMP7,354,NONE,01,"1/4"" MICROPHONE PRES-FIELD",GRAS 40BD,41699,1.952,INVERTED,YES,YES,GRAS 26CB,NI-9234,GEOGRAPHIC,WGS 84,28.573337,-80.578487,0.0,NEARBY PUMP STATION IN OPERATION,,,73.4,74.1,72.4,73.5,73.2,74,72.2,73.5,73.1,73.5,72.8,72.8,73.6,73.3,73.4,72.7,72.6,73.5,73.3,73.1,72.6,73.7,72.3,73,73,73.1,73.6,72.6,73.8,73,74,73.7,74.4,73.8,74.5,74.1,75.3,73.6,74.5,74.5,74.3,74.7,73.1,73.9,73.7,73.4,73.2,73.4,73.7,73.3,73.9,73.4,104.9,104,104,101.8,109.9,112.8,118.7,122.2,124.8,125.2,124.4,125.7,125.3,127.1,128.2,129.3,130.2,131.5,131.1,130.6,130.1,130.8,129.9,129.6,129.2,128.2,128.3,126.9,126.2,125,124.1,125,123.2,122.1,121.8,121.5,120.8,120,118.6,118.7,118.3,116.9,117,116.9,114.7,115,113.3,113.3,112.3,111.9,112.1,110,111.1,110.8,109.8,108.1,108.2,108.4,107.5,106.4,105.8,107.3,104.8,105.3,106,105.5,103.4,101.8,103.9,103.8,103.5,102.5,103.2,101.7,102.2,102.3,102,101,101.5,102.4,102,101.3,100,100.5,98.9,99.9,100.2,100.9,99.2,98.3,97.9,99,100.2,97.3,99.2,98.9,96.4,98.5,97.6,96.6,97.5,96.3,97.4,96.6,96.7,97,96.4,97.1,97.3,97,94.4,95.8,97.2,96.3,96.5,95.6,96.6,94.2,95.1,95.8,97,95.4,95,95.5,94.4,95.4,94,94,93.8,93.2,95.6,94.9,94.2,96.2,94.4,93.4,93,92.4,94.8,93,92.9,93.4,93.2,92.7,92.8,91,93.4,93.8,93,93.1,91.9,91.3,92.2,91.5,90.9,91.6,93.7,92.3,90.4,92.2,90.7,90.2,90.2,91.5,91.3,89.4,91.5,89,90.6,92.2,89.2,90.7,89.1,88.8,90.3,89.5,89.4,89.1,89.9,91.4,90.5,90.4,89.9,88.3,88.9,88,86.7,87.5,87.6,88.6,89.1,88.5,87.7,88.7,87.5,88.4,88.4,88.6,87.3,87.6,86,87.2,87.3,86.3,86.6,85.9,83.7,88.4,86.9,87,85.8,87.2,85.7,86.9,86.8,86,86.4,86,83.8,87.4,85.2,84.7,85.9,84.8,86.1,83.5,83.2,84.5,85.8,82,85.8,85.8,83.9,83.8,84.2,84.5,83.2,83.5,82.8,81.9,82.4,83.8,83.9,83.5,84.1,84.2,83.5,84.6,84.7,84.1,83.5,83.1,83.4,81.9,83.2,81.7,83.7,85.3,83.8,83.1,84.2,82.6,82.8,85,84.4,83.4,83.4,83.9,83.6,82.2,82.6,82.1,82.7,84.3,84,83.9,81.8,83.1,83.5,82.5,83.4,80.9,82.1,80.1,81.3,82.2,80.8,81.7,82.9,80.8,80,82.2,80.8,79.9,81.1,79.3,81.5,80.7,79.4,81.1,78.8,78.4,,,,,,,,,,,,,,,,,,,,,,,,,,,,,,,,,,,,,,,,,,,,,,,,,,,,,,,,,,,,,,,,,,,,,,
masterfile3,32,FALCON 9 BLOCK 4,CRS-15,ISS RESUPPLY,SPACE EXPLORATION TECHNOLOGIES CORP.,NASA,29 JUNE 2018,09:42:42.000,LAUNCH NOISE,SLC-40,ACRP PROJECT 02-81,BLUE RIDGE RESEARCH AND CONSULTING,Pump House 7,PUMP7,354,NONE,02,"1/2"" MICROPHONE FREE-FIELD",PCB 378A07,175431,5.338,INVERTED,YES,YES,PCB 426E01,NI-9234,GEOGRAPHIC,WGS 84,28.573337,-80.578487,0.0,NEARBY PUMP STATION IN OPERATION,,,73.3,74.1,72,73.5,73,73.7,71.9,73.4,73,73.5,72.7,72.7,73.8,73.4,73.3,72.3,72.4,73.6,73,73,72.2,73.6,72.3,73.3,72.8,73,73.6,72.4,73.6,72.9,73.9,73.6,74.6,74.1,74.8,74.4,75.3,73.8,74.8,74.9,74.3,74.9,73.1,74,73.5,73.2,73,73.4,73.6,73.2,74,73.2,107.3,104.6,104.8,102.8,110.3,113,118.9,122.4,125.1,125.6,124.8,126,125.6,127.2,128.1,129.3,130.3,131.7,131.3,130.8,130.3,131,130.2,129.9,129.7,128.6,128.6,127.3,126.6,125.4,124.6,125.4,123.6,122.7,122.3,121.9,121.6,120.7,119.1,119.2,118.9,117.6,117.4,117.8,115.3,115.6,113.8,113.9,113.2,112.4,113,110.9,111.7,111.8,111,108.8,108.9,109.4,108.3,107.4,106.7,108.2,105.8,106.2,106.9,106.4,104.6,102.4,105.1,105.4,104.2,104,105,102.5,103.8,103.4,103.2,101.9,102.6,103.7,102.9,102.2,101.2,101.8,99.7,101.3,101.3,102.3,100,99,99.3,100,101.4,98.5,100.7,99.9,97.3,100.1,98.6,98.6,99,97.9,98.8,98,97.5,98,97.7,98.4,98.8,98.1,95.6,97.5,98.5,97,98,96.6,98.2,95.6,96.3,97.5,98.2,97.3,96,97.1,96.2,97,95.4,95.3,95.2,94.3,97.1,96.9,95.2,98.1,95.9,95.1,93.8,93.6,96.4,94.9,95.2,94.7,94.3,93.7,94.8,91.9,94.8,96,94.4,94.6,93.9,93.1,94.1,92.4,92.4,92.8,95.4,93.9,92.6,94.6,92.7,91.8,91.6,93,92.7,91.1,93.3,91.1,92.8,93.8,90.5,92,90.1,90.3,92.1,91.7,91.5,90.5,91.2,92.8,92.5,92.7,91.8,90.3,91.4,89.2,87.9,89.8,90.6,91.9,91.4,91.1,89.2,90.9,90.5,90.2,90,91.2,90,89.3,87.9,89.5,88.6,87.9,88.7,88.3,85.4,92,89.1,90,87.7,89.2,87.1,89.3,89.1,88.8,88.4,88.4,84.9,88.8,87.2,86.6,88,87.1,88.7,84.8,85.1,89.9,86.4,83.3,87.6,88.6,87.7,86.4,87.5,87,84.9,85.8,84.6,83.4,83.4,87.1,86.2,85.4,86.6,86.6,86.4,87.3,87.4,86.7,86,85.4,86.7,85.5,85,83.1,86.6,87.3,87.2,85.1,86.3,86.3,84.5,86.5,87.2,85.4,85.9,86.3,85.2,84.3,84.8,84.4,85,86.3,87.6,87.3,83.6,85.7,86.8,85.3,86,83.2,86.2,82.7,84,84.8,85,84.4,85,83.8,82.1,84.5,83.2,81.4,82.4,83.4,83.8,84.5,82.8,83.7,81.2,82.2,,,,,,,,,,,,,,,,,,,,,,,,,,,,,,,,,,,,,,,,,,,,,,,,,,,,,,,,,,,,,,,,,,,,,,
masterfile4,32,FALCON 9 BLOCK 4,CRS-15,ISS RESUPPLY,SPACE EXPLORATION TECHNOLOGIES CORP.,NASA,29 JUNE 2018,09:42:42.000,LAUNCH NOISE,SLC-40,ACRP PROJECT 02-81,BLUE RIDGE RESEARCH AND CONSULTING,Pump House 7,PUMP7,354,NONE,03,"1/2"" MICROPHONE FREE-FIELD",PCB 378A07,175435,5.558,SOURCE,YES,YES,PCB 426E01,NI-9234,GEOGRAPHIC,WGS 84,28.573337,-80.578487,1.5,NEARBY PUMP STATION IN OPERATION,,,72.8,73.7,71.4,73,72.6,73.3,71.4,73,72.5,72.9,72.2,72,73.1,72.8,72.9,71.7,71.8,73.1,72.5,72.6,71.8,73.2,71.6,72.6,72.3,72.4,73.1,71.7,73,72.4,73.4,73.1,73.9,73.2,74.4,73.6,74.7,73.2,74.2,74.1,73.7,74.4,72.4,73.3,73,72.6,72.4,73,73.1,72.7,73.4,73.1,107.2,104.7,104.8,102.3,109.8,112.2,118.5,122,124.8,125,123.7,124.7,123.8,125.8,126.9,128.1,128.8,130.4,130.5,129.8,129.3,129.8,128.6,128.5,128.4,127.4,127.3,125.9,125.5,123.8,122.9,124.2,122.4,121.4,121.3,120.6,120.4,119.8,117.7,117.7,117.7,116.3,116.4,116.7,114,114.6,112.3,112.9,112.1,111.1,111.8,109.8,110.5,110.9,110.2,107.6,107.9,108.6,107.2,106.2,105.5,107.5,104.7,105.4,106.1,105.8,103.7,101.3,104.4,104.8,103.4,103.3,104.6,101.6,103.2,102.7,102.6,101.1,101.9,103.1,102.1,101.3,100.3,101.2,98.8,100.5,100.5,101.7,99.2,98.1,98.4,99.3,100.8,97.7,100,99.2,96.4,99.5,97.7,98,98.3,97.3,98.1,97.1,96.5,97.2,97,98,98.3,97.6,94.8,97,98,96,97.4,95.9,97.8,94.8,95.4,97,97.7,96.7,95.4,96.6,95.6,96.6,94.8,94.9,94.6,93.4,96.4,96.6,94.3,97.6,95.3,94.4,93.1,92.9,96,94.2,94.8,94.1,93.6,92.9,94.3,91.1,94,95.4,93.8,94,93.5,92.5,93.4,91.6,91.8,92.2,95,93.3,92.3,94.3,92.4,91.3,91.1,92.4,92,90.4,93,90.7,92.4,93.3,89.8,91.4,89.3,89.7,91.7,91.4,91.1,89.8,90.5,92.3,92,92.2,91.6,90,91.1,88.6,87.5,89.4,90.4,91.7,91.1,90.8,88.8,90.6,90.2,89.9,89.6,91,89.6,88.8,87.5,89.1,88.1,87.2,88.3,87.8,84.9,91.8,88.7,89.7,87.2,88.8,86.4,89,88.8,88.5,88.1,88,84.1,88.4,86.9,86.2,87.7,86.7,88.5,84.3,84.8,89.8,86.1,82.8,87.3,88.4,87.5,86.1,87.4,86.7,84.7,85.5,84.3,82.8,82.8,86.9,85.8,85,86.3,86.2,86.1,87.1,87.2,86.5,85.6,85.1,86.5,85.2,84.6,82.6,86.4,87,87,84.7,86,85.9,84.1,86.1,87,85.1,85.5,86.1,84.8,84.1,84.5,84.2,84.7,86.1,87.3,87.1,83.3,85.5,86.7,85.2,85.8,83,86.1,82.5,83.7,84.5,85,84,84.9,83.6,81.9,84.3,83,81.2,82.1,83.3,83.6,84.4,82.7,83.6,80.9,82.1,,,,,,,,,,,,,,,,,,,,,,,,,,,,,,,,,,,,,,,,,,,,,,,,,,,,,,,,,,,,,,,,,,,,,,
masterfile5,32,FALCON 9 BLOCK 4,CRS-15,ISS RESUPPLY,SPACE EXPLORATION TECHNOLOGIES CORP.,NASA,29 JUNE 2018,09:42:42.000,LAUNCH NOISE,SLC-40,ACRP PROJECT 02-81,BLUE RIDGE RESEARCH AND CONSULTING,Pump House 7,PUMP7,354,NONE,04,"1/2"" MICROPHONE FREE-FIELD",PCB 378A07,157358,5.576,SOURCE,YES,YES,PCB 426E01,NI-9234,GEOGRAPHIC,WGS 84,28.573337,-80.578487,3.7,NEARBY PUMP STATION IN OPERATION,,,71.5,72.4,70.2,71.7,71.4,72,70.3,71.8,71.2,71.6,70.9,70.7,72,71.5,71.7,70.5,70.6,72,71.1,71.4,70.4,72.1,70.5,72,71.1,71.2,72.5,70.6,71.7,71.8,72.1,71.5,72.4,71.8,73.1,71.9,73.2,71.4,72.5,72.9,72.3,72.9,71,72.2,72.8,71.7,71.6,71.8,71.8,71.5,72.5,72.3,107.2,104.7,104.8,102.5,109.9,112.3,118.4,121.9,124.6,124.8,123.2,123.9,122.8,124.7,125.3,126.8,127.5,129.1,129.3,128.5,127.8,128.2,127.2,127.2,127.2,126.3,126,124.5,124.3,122.4,121.8,123,120.7,120.1,120.4,119.1,119.7,118.7,116.6,116.7,116.4,115,115,115.9,112.4,113,111,111.8,110.9,109.7,110.5,108.8,108.9,110,109.5,106.6,106.5,107.6,106.5,105.5,104.3,106.6,103.9,104.3,105.4,104.6,102.7,100.2,103.4,104.2,102.2,102.6,104.1,100.8,102.3,101.8,101.3,99.9,101,102.4,101.4,100.3,99.5,100.5,97.5,99.6,99.2,101,98.2,96.8,97.6,98.2,99.6,96.9,99.1,98.4,95.5,99,96.7,97.6,97.7,96.6,97.2,96.6,95.5,96,96.2,97.1,97.3,96.8,93.9,96.5,97.3,94.8,96.5,95.1,97.1,94,94.5,96.5,97.1,96,94.5,95.9,95,96.1,93.8,94.2,93.6,92.2,95.5,96.2,93.5,97.1,94.8,93.5,92.1,92.1,95.5,93.3,94.3,93.4,92.9,91.9,93.9,90.1,93.1,95,93.2,93.5,93.2,92,93,90.7,91,91.3,94.4,92.5,91.9,94,92,90.5,90.4,91.8,91.3,89.8,92.5,90.2,91.8,92.5,89,90.9,88.4,88.9,91.2,91.1,90.6,89.1,89.6,91.8,91.6,91.8,91.3,89.5,90.7,87.7,86.8,89,90,91.4,90.8,90.4,88.2,90.3,89.9,89.5,89.2,90.7,89.2,88.2,87,88.6,87.5,86.4,87.9,87.3,84.2,91.5,88.2,89.3,86.6,88.4,86,88.6,88.3,88.2,87.5,87.5,83.3,87.7,86.7,85.7,87.1,86,88.3,83.4,84.3,89.6,85.5,82.1,86.8,88.1,87.3,85.6,87.1,86.4,84.2,85.2,83.7,82.1,81.9,86.6,85.1,84.5,85.7,86.2,85.7,86.8,86.9,86,85.2,84.7,86,84.9,84.1,81.9,86,86.6,86.7,84.1,85.4,85.6,83.6,85.5,86.7,84.7,85.2,85.7,84.3,83.5,84.2,83.7,84.4,85.7,87,86.9,83,85.1,86.5,85,85.8,82.4,86.5,81.6,83.7,84.5,84.3,83.5,84.6,83.2,81.7,83.9,82.4,80.8,81.4,82.9,83.6,84.3,82.5,83.3,80.6,81.9,,,,,,,,,,,,,,,,,,,,,,,,,,,,,,,,,,,,,,,,,,,,,,,,,,,,,,,,,,,,,,,,,,,,,,
masterfile6,34,FALCON 9 BLOCK 4,CRS-15,ISS RESUPPLY,SPACE EXPLORATION TECHNOLOGIES CORP.,NASA,29 JUNE 2018,09:42:42.000,LAUNCH NOISE,SLC-40,ACRP PROJECT 02-81,BLUE RIDGE RESEARCH AND CONSULTING,SLC-41 (SLM),SLC41,360,NONE,05,"1/2"" MICROPHONE RAND-FIELD",PCB 377B20,142928,N/A,INVERTED,YES,YES,PCB PRMLxT1,LD-LxT,GEOGRAPHIC,WGS 84,28.580306,-80.581691,0.0,NONE,NaN,NaN,NaN,NaN,NaN,NaN,NaN,NaN,NaN,NaN,NaN,NaN,NaN,NaN,NaN,NaN,NaN,NaN,NaN,NaN,NaN,NaN,NaN,NaN,NaN,NaN,NaN,NaN,NaN,NaN,NaN,NaN,NaN,NaN,NaN,NaN,NaN,NaN,NaN,NaN,NaN,NaN,NaN,NaN,NaN,NaN,NaN,NaN,NaN,NaN,NaN,NaN,NaN,NaN,NaN,NaN,NaN,NaN,NaN,NaN,NaN,NaN,NaN,NaN,NaN,,,,,,,,,,,,,,,,,,,,,,,,,,,,,,,,,,,,,,,,,,,,,,,,,,,,,,,,,,,,,,,,,,,,,,,,,,,,,,,,,,,,,,,,,,,,,,,,,,,,,,,,,,,,,,,,,,,,,,,,,,,,,,,,,,,,,,,,,,,,,,,,,,,,,,,,,,,,,,,,,,,,,,,,,,,,,,,,,,,,,,,,,,,,,,,,,,,,,,,,,,,,,,,,,,,,,,,,,,,,,,,,,,,,,,,,,,,,,,,,,,,,,,,,,,,,,,,,,,,,,,,,,,,,,,,,,,,,,,,,,,,,,,,,,,,,,,,,,,,,,,,,,,,,,,,,,,,,,,,,,,,,,,,,,,,,,,,,,,,,,,,,,,,,,,,,,,,,,,,,,
masterfile7,32,FALCON 9 BLOCK 4,CRS-15,ISS RESUPPLY,SPACE EXPLORATION TECHNOLOGIES CORP.,NASA,29 JUNE 2018,09:42:42.000,LAUNCH NOISE,SLC-40,ACRP PROJECT 02-81,BLUE RIDGE RESEARCH AND CONSULTING,SLC-41,SLC41,348,NONE,06,"1/2"" MICROPHONE FREE-FIELD",PCB 378A07,160133,5.312,INVERTED,YES,YES,PCB 426E01,NI-9234,GEOGRAPHIC,WGS 84,28.580360,-80.581598,0.0,INTERMITTENT HI-FREQ & TONAL NOISE <500 HZ,,,,,,,,,,,,63.9,63.7,65,64.4,64.6,65,64.4,63.8,64.2,64.3,64.5,63.2,63.7,64.8,67.9,66.8,68,65.9,64.1,65.1,64.9,64.1,63.8,65.8,65.2,65.1,65.2,66.3,65.8,65.1,66.2,65.1,65.6,67.1,65.7,64.8,65.8,65.2,66.1,62.8,63.8,64.3,64.1,65.4,65.2,63.8,65.2,99.9,100,97.6,97.2,102.5,105.6,111.8,113.4,117.1,118.5,117.8,117.8,118,119.4,118.5,120.3,121.3,123.1,124.9,124.8,125.6,126.4,125.9,126.4,126.6,126.2,125.8,125.3,125.5,124.8,125.1,123.7,122.9,122.1,122.7,122.3,122.7,120.2,121,120.2,119.5,118.8,118.7,117.4,116.6,116.4,115.4,115.6,115.4,114.8,113.6,115.1,113.4,112.8,110.3,111.7,110.2,109.8,110,108.6,108.5,108.5,109.2,109,107.1,105.3,106.9,107.3,106.2,106.4,106.6,104.8,106,104.8,105.3,103.7,103.7,104.6,104.6,103.9,102.3,102.9,100.7,102.4,102.8,103.4,101.2,100.4,101.3,100.9,101.8,99.8,101.7,101.3,99.8,101.4,99.2,99.8,100.2,98.3,99.5,98.2,98.4,98.4,97.1,98.8,98.8,98.1,96.7,98.5,97.6,96.9,98.6,97.3,98.8,96.5,97.3,96.8,99.1,97.3,96.3,98.3,97.5,95.5,95.9,95.5,95.5,95.4,95.9,97.8,96.6,97.5,95.4,94.8,93.5,97.4,94.6,94.9,95.9,93.4,94.5,94.2,93.7,93.4,96.1,94.4,93.9,94.6,92.9,93.5,95,91.7,92.3,93.8,95.3,92.8,94.5,94.9,93.4,92.3,93.3,92.7,89.5,93,92.9,92.5,94.4,90.3,91.5,90.5,90.7,91.6,92.7,90.6,90.4,90.6,91.9,92.1,92.4,90.6,91.7,91.7,88,89.5,90,91,91.3,91.8,91.8,89.7,91.5,91,90.1,91.3,90.5,92.1,90.5,88.9,90.4,88.6,89.1,89.2,89.5,86.7,92.4,89.8,90.5,88,88.8,86.6,89.4,88.9,89.5,88.9,88.8,85.6,89.1,87.3,86.4,88.1,87.3,89.5,86.2,85,88.8,88.9,85.8,87.4,89.8,87.9,86.7,88.2,87.9,85.6,85.8,85.7,84.2,84.1,87.8,86.2,86.5,86.3,87.1,87.3,87.8,88.4,87.7,86.1,85.6,87.1,85.2,84.9,83.4,87,88.1,87.2,84.2,86.5,86.3,84.6,85.8,87.2,86.1,85.6,86.3,84.3,85.9,81.8,84.4,84.8,85.3,86.7,86.1,84,85.2,85.5,85,83,82.5,85.3,82.2,83.5,82.4,84.6,83.1,84.1,81.8,80.9,82.7,82.5,79.9,81.3,82.8,84.3,83.8,81.7,82.4,80.7,81.5,79.8,82.7,,,,,,,,,,,,,,,,,,,,,,,,,,,,,,,,,,,,,,,,,,,,,,,,,,,,,,,,,,,,,,,,,,,
masterfile8,32,FALCON 9 BLOCK 4,CRS-15,ISS RESUPPLY,SPACE EXPLORATION TECHNOLOGIES CORP.,NASA,29 JUNE 2018,09:42:42.000,LAUNCH NOISE,SLC-40,ACRP PROJECT 02-81,BLUE RIDGE RESEARCH AND CONSULTING,SLC-41,SLC41,348,NONE,07,"1/2"" MICROPHONE PRES-FIELD",PCB 377C13,176509,11.261,INVERTED,YES,YES,PCB 426E01,NI-9234,GEOGRAPHIC,WGS 84,28.580360,-80.581598,0.0,INTERMITTENT HI-FREQ & TONAL NOISE <500 HZ,,,,,,,,,,,,62.8,62.7,62.8,63.4,63.5,63.8,62.9,62.5,63.3,62.8,62.4,62,62.5,63,63.6,63.5,62.9,63.9,63,64,64.3,62,62.5,63.8,62.4,63.3,64.1,63.6,62.4,62.6,63.3,62.2,63.3,64.1,63.4,62.5,62.8,63.8,62.2,62.3,62.5,63.6,63.3,65.2,63.3,62.5,64.2,97.4,99.1,97.1,96.3,102.1,105.1,111.5,113,116.9,118.2,117.4,117.3,117.6,119,118.1,119.9,120.8,122.8,124.5,124.5,125.3,126.1,125.7,126.2,126.4,126,125.6,125.1,125.3,124.6,125,123.4,122.7,121.9,122.4,122.1,122.4,120,120.7,119.9,119.2,118.4,118.3,117.2,116.3,116.2,115.1,115.3,115.1,114.4,113.4,114.7,113,112.4,110.1,111.2,109.9,109.4,109.6,108.3,108.1,108.2,109,108.6,106.7,104.8,106.5,106.6,105.8,105.9,105.8,104.3,105.4,104.5,104.7,103.3,103.1,103.9,104.1,103.5,101.8,102.2,100.3,101.7,102.2,102.6,100.6,100.1,100.7,100.5,101.1,99,101,100.9,99.3,100.6,98.6,98.9,99.4,97.4,98.6,97.5,97.9,97.8,96.3,98,98.1,97.4,95.9,97.8,97,96.4,97.9,96.7,98,95.8,96.2,96,98.1,96.6,95.9,97.3,96.5,94.7,95.3,94.4,94.8,94.1,95.2,96.7,95.4,96.5,94.5,94.2,93,96.6,93.6,93.1,94.7,92.9,93.9,93.5,92.5,92.9,94.5,93.5,93.1,93.4,92.1,92.3,94.1,91,91.6,92.7,93.9,92,93.2,93.8,92.7,91.5,92.4,91.9,88.6,91.5,92.6,91.1,93.3,89.1,90.8,89.8,89.7,90.7,91.5,88.7,89.9,89.5,91,91,90.9,89.5,90.4,90,87.7,88.9,88.9,89,88.9,89.8,90.6,88.7,90.3,89,89.3,90.2,89.9,90.2,89.3,87.6,88.9,87.8,88.3,87.9,88.2,85.9,90,88.7,88.3,87.2,87.5,86.1,87.9,87.4,87.5,87.9,87.2,85.2,88,86.2,84.9,86.8,86,87.9,85.3,84.1,85.1,87.7,84.5,86.2,88.3,84.8,84.7,86.6,86.4,83.9,84.5,84.6,83,83.8,85.3,84.8,85,84.7,85.2,85.4,86.2,87.2,86.1,84.5,83.5,84.1,82.2,83.5,81.5,85.1,86.6,84.6,82.5,84.8,83.4,83.1,85,85.2,84.6,83.4,84.8,83.4,84.1,81.2,82.6,83.3,83.6,84,84.1,81.4,84,83.8,83.4,80,80.5,82.2,79.2,81.7,80.6,80.9,81,82,80,79.2,81.4,80.7,79,80.4,80.2,81.4,81.1,80.7,80.3,78.2,79.3,78.6,80.1,,,,,,,,,,,,,,,,,,,,,,,,,,,,,,,,,,,,,,,,,,,,,,,,,,,,,,,,,,,,,,,,,,,
masterfile9,32,FALCON 9 BLOCK 4,CRS-15,ISS RESUPPLY,SPACE EXPLORATION TECHNOLOGIES CORP.,NASA,29 JUNE 2018,09:42:42.000,LAUNCH NOISE,SLC-40,ACRP PROJECT 02-81,BLUE RIDGE RESEARCH AND CONSULTING,SLC-41,SLC41,348,NONE,08,"1/2"" MICROPHONE PRES-FIELD",PCB 377C13,176462,11.458,GRAZING,YES,YES,PCB 426E01,NI-9234,GEOGRAPHIC,WGS 84,28.580360,-80.581598,1.5,INTERMITTENT HI-FREQ & TONAL NOISE <500 HZ,,,,,,,,,,,,63.1,63,63.9,63.7,63.4,64.6,62.7,61.8,63.4,63.3,63.9,62.6,63,62.7,63.8,63.5,63.3,64.3,63.4,64.5,64.1,62.9,63.4,63.9,63.4,63.4,64.6,65.4,65.8,64.7,64.6,63.6,64,64.4,63.5,63.3,63.7,63.6,62.3,62.8,62.9,63.6,63.5,65.2,62.7,62.3,64.7,97.4,99.2,97.3,96.1,101.7,104.4,111.4,112.9,116.8,118.1,117.2,116.8,116.7,118,117.3,119,120.1,121.8,123.5,123.8,124.2,125.2,124.5,125.3,125.7,125.2,124.5,123.8,124.4,123.6,124,122.8,121.8,120.9,121.5,121.3,121.4,118.9,119.5,119.1,118,117.7,117.1,116.2,115.1,114.8,114,114.2,114,113.5,111.9,113.5,112,111.3,109.1,110.5,108.7,108.2,108.5,107.3,106.8,106.8,108.1,107.9,105.6,103.7,105.6,105.8,105.1,105.3,105,103.4,104.5,103.6,104,102.2,102.2,103.3,103.3,102.6,101.1,101.5,99.3,100.9,101.4,102.2,99.7,99.1,99.8,99.7,100.5,97.9,100.2,100.4,98.7,99.9,97.3,98.1,98.8,96.4,97.7,96.6,97.5,97.1,95.4,97.5,97.7,97.2,95.3,97.2,96.4,95.6,97.4,96.1,97.5,95,95.4,95.4,97.8,96.1,95.4,97,96,94.1,94.6,93.6,94.2,93.6,94.6,96.3,94.8,96.2,94,93.8,92.4,96.2,92.9,92.5,94.4,92.6,93.1,93.1,92,92.4,94.1,93,92.3,93,91.6,91.6,93.6,90.2,91,92.3,93.5,91.9,93,93.6,92.2,90.9,92,91.5,87.8,91.1,92.1,90.6,92.9,88.5,90.4,89.3,89,90.3,91.3,88,89.5,89.2,90.8,90.7,90.8,89.3,90.2,89.8,87,88.6,88.8,88.5,88.6,89.4,90.4,88.5,90.2,88.8,89.1,89.6,89.7,89.8,89,87.4,88.5,87.3,88,87.7,87.7,85.4,89.8,88.3,87.9,86.5,87.3,85.8,87.6,87.1,87.2,87.7,86.8,84.7,87.8,85.9,84.7,86.5,85.4,87.8,85,83.6,84.8,87.5,84.3,86,88,84.5,84.4,86.5,86.4,83.8,84.4,84.3,82.9,83.5,85.1,84.5,84.8,84.5,85,85.1,85.7,87,85.9,84,83.2,83.8,81.6,83.3,81.4,84.9,86.6,84.3,82.4,84.5,83.2,83,84.8,85.1,84.4,83,84.4,83.2,84,80.9,82.6,83.2,83.6,83.8,84,81.3,83.9,83.7,83.3,79.5,80.3,82.2,78.9,81.5,80.5,80.9,81,82,80,79.3,81.3,80.7,79,79.9,80.1,81.2,81,80.9,80.2,78.3,78.8,78.6,80.1,,,,,,,,,,,,,,,,,,,,,,,,,,,,,,,,,,,,,,,,,,,,,,,,,,,,,,,,,,,,,,,,,,,
masterfile10,32,FALCON 9 BLOCK 4,CRS-15,ISS RESUPPLY,SPACE EXPLORATION TECHNOLOGIES CORP.,NASA,29 JUNE 2018,09:42:42.000,LAUNCH NOISE,SLC-40,ACRP PROJECT 02-81,BLUE RIDGE RESEARCH AND CONSULTING,SLC-41,SLC41,348,NONE,09,"1/2"" MICROPHONE PRES-FIELD",PCB 377C13,176465,12.198,GRAZING,YES,YES,PCB 426E01,NI-9234,GEOGRAPHIC,WGS 84,28.580360,-80.581598,3.7,INTERMITTENT HI-FREQ & TONAL NOISE <500 HZ,,,,,,,,,,,,64.2,63.8,63.6,64.8,64,64.8,63.9,62,63.6,64.9,63.6,63.4,62.8,62.7,63.8,65,63.7,67.1,68,66.9,66.2,66.5,62.4,64,63.4,64.4,64.6,65,67.4,66.7,65.3,64.3,63.2,63.6,63.3,63.6,63.8,65.7,65.3,66.3,66.1,63.8,63.9,65.4,62.9,64.5,64.7,97,98.8,96.8,95.8,101.2,103.6,110.8,112.1,116.1,117.4,116.4,115.9,115.6,116.9,115.9,117.6,118.6,120.4,122.1,122,122.6,123.4,122.9,123.7,123.9,123.5,122.8,122.2,122.5,121.9,122.3,121.3,120.3,119.5,120,119.8,119.8,117.2,117.5,117.2,116,115.5,115.4,114,113.5,113.2,112.4,112.2,112.2,111.8,110,111.3,110.3,109.9,107.1,108.8,106.5,106.7,106.8,105.8,105.4,105.3,106.6,106,104.3,102.3,103.8,104.5,103.3,104,103.8,102.2,103.1,102.6,101.8,100.3,100.7,102.2,101.9,100.9,99.5,100.2,97.2,99.3,99.3,101,98.1,97.3,98.1,98.2,98.8,96.7,98.6,98.9,97.3,98.4,96,97.1,97.5,95.1,96.5,95.4,95.8,95.5,93.9,96.1,96,95.8,94,96,95.2,93.9,96,94.6,96.4,93.5,94.1,94,96.5,94.9,93.8,95.5,94.9,92.8,93.1,92.1,92.6,92.1,93.2,95.2,93.6,95,92.5,92.5,90.5,95,91,91,93.1,91.2,91.4,91.9,90.8,90.8,93,91.5,90.9,92.1,90.2,90.2,92.2,88.7,89.7,90.7,92.2,90.9,91.9,92.6,90.8,89.5,90.8,90.4,86.4,90.4,90.9,89.4,91.5,87.4,89.3,88,87.9,89.3,90.3,86.6,88.2,87.7,89.7,89.4,89.4,88.3,89.3,88.6,86.2,87.2,87.9,87.6,87.7,88.4,89.4,87,89.2,87.4,87.8,88.6,88.5,88.7,87.8,86.1,87.3,86,86.6,86.5,86.4,84.1,88.9,87.3,86.9,85.3,86.2,84.7,86.8,86.1,86.2,86.4,85.4,83.4,86.8,85,83.4,85.5,83.8,87.1,83.4,82.5,83.8,86.6,83.4,85,87.2,83.4,83.2,85.5,85.5,82.5,83.1,83,81.4,82.3,84.3,83.6,84,83.6,84.2,84.3,84.8,86.3,85.1,82.9,82.2,82.7,80.6,82.2,80.2,84.2,85.8,83.4,80.9,83.6,82.4,81.9,83.5,84.2,83.6,82,83.5,81.8,83,80,81.4,82.2,82.8,82.7,83.3,80.5,83.3,83,82.5,77.9,79.1,81.4,78.2,80.6,79.6,79.4,80.1,81.3,79.2,78.6,80.4,79.7,77.9,78.7,79.4,80.4,80.5,80.5,79.9,77.2,78.1,78.3,79.4,,,,,,,,,,,,,,,,,,,,,,,,,,,,,,,,,,,,,,,,,,,,,,,,,,,,,,,,,,,,,,,,,,,
masterfile11,32,FALCON 9 BLOCK 4,CRS-15,ISS RESUPPLY,SPACE EXPLORATION TECHNOLOGIES CORP.,NASA,29 JUNE 2018,09:42:42.000,LAUNCH NOISE,SLC-40,ACRP PROJECT 02-81,BLUE RIDGE RESEARCH AND CONSULTING,UCS 15,UCS15,341,NONE,10,"1/2"" MICROPHONE PRES-FIELD",PCB 377C13,176489,13.123,INVERTED,YES,YES,PCB 426E01,NI-9234,GEOGRAPHIC,WGS 84,28.577783,-80.607428,0.0,NONE,,,,,,,,,,,,,,,,,,,,,,,57.9,57.9,57.5,56.9,56.7,56.6,57.5,58.1,58.6,57.3,58.9,55.6,57.1,58.1,58.6,57,57.5,57.2,58,57.5,56.3,58.3,57.2,55.9,58.4,58.5,55.7,56.3,57.4,56.5,57.1,56.1,56.9,56.2,56.6,57,56.8,57.5,56.3,57.9,86.4,90.5,87.2,87.5,93.8,99.7,105.8,109.5,114.6,115.5,114.7,115.2,116.5,115.4,115.2,115.7,115.7,118.8,119.3,119.2,121.5,121.4,121.8,124,123.6,123.9,123.7,123.1,123.6,122.5,123,120.5,121.1,120.8,120.5,120.2,119.8,118.6,119.6,118.2,119.1,119,116.7,116.9,115.6,116.4,115.7,116.1,115.7,113.8,114.8,113.2,113,111.7,111.7,110.5,110.1,110.1,109.6,108.2,109.5,109.5,108.3,107.4,106.3,108.1,106.1,107.2,106,104.8,105.7,104.9,105.1,103.9,103.2,104.3,105.4,103.6,103.7,102.1,101.5,101,102,102.7,100.5,100,99.7,99.6,100.1,99.9,100.8,101.2,98.6,99.1,97.6,98.8,99.1,97,97.4,96.6,97.7,96.9,96.7,97.9,96.8,96.2,96.9,95.9,97,95.8,96.7,96.8,96.4,94.1,94.5,95.2,96.3,95.7,94,95.5,94.4,95.3,92.5,93.9,93.3,92.5,94,94.9,94.4,95,93.1,93.3,91.4,92.7,94.5,91.9,93.3,92.4,92.7,91.2,92.2,90.3,92.9,93,92.1,92.5,92.5,92.3,92.7,91.5,90.5,91.2,93.3,93.1,91.6,92.7,90.5,90.1,89.8,91.6,90.9,89.4,91.9,89.9,89.9,90.7,89,88.2,88,88,90.1,89.6,88.7,88.2,88.3,90.1,89,89,90,87.9,89.3,87.2,87.8,86.8,88.3,87.9,88.7,89.1,88.3,88.5,87.7,87.8,88.5,88.8,88.4,88.6,86.1,87.7,87.4,87.4,87.4,87.8,85.5,90.1,87.6,88.8,85.9,88.4,87.7,87.8,87.9,87.7,87.7,87,85.2,86.8,85.8,84.9,87.6,84.7,87.6,83.5,83.9,84.9,86.8,83,85.1,87,83.4,84.4,85.4,85.4,83,83.8,83.8,81.6,82,83.2,83,82.9,83.1,83.3,83.8,83.8,85.5,85.1,83,82.9,83.5,81.9,82.3,80.9,84,85.1,83.1,81.9,82.7,82.2,80.8,82.6,82.3,83,81.3,82.8,82.1,80,81.8,79.1,80.9,80.9,81.7,82.6,80.6,82,82.7,80.8,81.4,79,81.6,78.8,80.4,80.2,79.4,80.5,82,80.5,78.5,82.1,80.1,79.8,79.4,77.8,80.8,81.5,80,80.6,77.4,79.7,76.6,79.3,78.7,,,,,,,,,,,,,,,,,,,,,,,,,,,,,,,,,,,,,,,,,,,,,,,,,,,,,,,,,,,,,,,
masterfile12,32,FALCON 9 BLOCK 4,CRS-15,ISS RESUPPLY,SPACE EXPLORATION TECHNOLOGIES CORP.,NASA,29 JUNE 2018,09:42:42.000,LAUNCH NOISE,SLC-40,ACRP PROJECT 02-81,BLUE RIDGE RESEARCH AND CONSULTING,UCS 15,UCS15,341,NONE,11,"1/2"" MICROPHONE PRES-FIELD",GRAS 46AO,307159,11.573,INVERTED,YES,YES,GRAS 26CA,NI-9234,GEOGRAPHIC,WGS 84,28.577783,-80.607428,0.0,NONE,,,,,,,,,,,,,,,,,,,,,,,58.3,58.1,57.7,57.1,57.3,56.7,57.7,58.4,59,57.5,59.2,55.7,57.6,58.5,59.1,57.5,57.6,57.4,58.2,57.6,56.7,58.8,57.7,56.3,58.7,58.6,56.1,56.6,57.6,56.5,57.2,56.5,57.4,56.8,57.1,57.3,57.4,57.6,56.7,58.5,87.2,91.2,87.6,87.9,93.9,99.9,105.9,109.8,114.8,115.7,114.8,115.4,116.6,115.6,115.4,115.8,115.8,118.9,119.4,119.3,121.4,121.5,121.9,124.1,123.7,124,123.9,123.1,123.6,122.5,123,120.6,121.2,120.9,120.7,120.3,120,118.7,119.6,118.4,119.2,119.1,116.7,117,115.6,116.5,115.8,116.2,115.9,113.9,114.9,113.4,113.1,111.9,111.9,110.6,110.4,110.3,109.8,108.3,109.7,109.6,108.5,107.5,106.4,108.4,106.3,107.5,106.4,105.1,105.9,105.1,105.5,104.1,103.4,104.6,105.7,103.8,104,102.5,101.8,101.3,102.3,103.1,100.8,100.3,100,99.8,100.5,100.1,101.3,101.4,98.9,99.6,97.9,99.3,99.6,97.5,97.7,97.1,98,97.3,97,98.3,97.3,96.6,97.2,96.4,97.4,96.1,97.2,97.1,96.9,94.6,94.9,95.8,96.8,96.3,94.4,96,95,95.8,93,94.5,93.8,92.9,94.6,95.6,95.1,95.5,93.7,94,91.7,93.1,95.1,92.6,94.1,92.9,93.1,91.6,92.8,90.6,93.3,93.8,92.7,92.9,93,92.7,93.3,91.9,91,91.5,93.7,93.6,92.1,93.6,91.1,90.6,90.5,91.9,91.4,90,92.5,90.4,90.6,91.2,89.4,88.6,88.4,88.4,90.5,90.3,89.5,88.6,89,90.7,89.7,89.8,90.7,88.6,90,87.4,88.3,87.5,89.4,88.9,89.5,90,88.8,89.4,88.7,88.3,89.1,89.5,89.2,89.1,86.7,88.3,87.9,87.9,88.2,88.4,86.1,91.2,88.2,89.8,86.5,88.9,88.1,88.8,88.7,88.5,88.3,87.6,85.7,87.4,86.5,85.4,88.3,85.3,88.6,83.9,84.5,86,87.8,83.6,85.7,87.8,84.3,85.5,86.3,86.4,83.6,84.6,84.4,82,82.4,84.1,84,83.8,83.7,84,84.7,84.7,86.4,85.7,84,83.6,84.3,82.7,82.9,81.4,85,85.7,84.2,82.6,83.2,83.3,81.2,83.1,83.2,83.7,82,83.6,82.7,80.9,82.6,79.8,81.9,81.6,82.8,84,81.4,82.8,83.8,81.6,82.4,79.9,82.9,79.4,81.5,81,80.2,81.8,82.7,81.8,79.4,82.9,81,80.4,80,78.8,82,82.9,81.1,81.7,78.1,80.9,77.8,80.1,79.9,,,,,,,,,,,,,,,,,,,,,,,,,,,,,,,,,,,,,,,,,,,,,,,,,,,,,,,,,,,,,,,
masterfile13,32,FALCON 9 BLOCK 4,CRS-15,ISS RESUPPLY,SPACE EXPLORATION TECHNOLOGIES CORP.,NASA,29 JUNE 2018,09:42:42.000,LAUNCH NOISE,SLC-40,ACRP PROJECT 02-81,BLUE RIDGE RESEARCH AND CONSULTING,UCS 15,UCS15,341,NONE,12,"1/2"" MICROPHONE PRES-FIELD",GRAS 46AO,307158,11.663,GRAZING,YES,YES,GRAS 26CA,NI-9234,GEOGRAPHIC,WGS 84,28.577783,-80.607428,1.5,NONE,,,,,,,,,,,,,,,,,,,,,,,58.4,58.1,57.2,57,57,56.8,57.8,58.2,58.7,57.7,58.9,55.4,57.7,58.1,58.8,57.4,57.2,57.6,58,57.5,56.6,58.6,57,56.4,58.8,58.5,56.3,56,57.1,56.3,57.5,56.8,57.1,56.7,56.9,57.2,57.7,57.3,56.3,58.2,87.1,91,87.5,87.6,93.5,99.8,105.9,109.8,114.8,115.6,114.5,115.3,116.4,115.4,115.2,115.6,115.6,118.6,119.1,118.9,121,121,121.5,123.6,123,123.4,123.2,122.3,122.7,121.4,122.3,119.8,120.4,120.2,120,119.4,119.1,117.7,118.6,117.2,118.2,118.1,115.1,116,114.2,115.3,114.6,115.2,114.8,112.6,113.6,112.1,111.8,110.6,110.8,109.3,109.3,108.9,108.6,106.5,108.8,108.7,107.4,105.9,104.7,107.5,105.1,106.4,105.6,103.7,104.8,104.1,104.6,102.8,102,103.5,104.9,102.8,103,101.5,100.5,100.2,101.2,102.3,99.7,99.3,99,98.7,99.6,98.9,100.3,100.7,98.1,98.6,96.9,98.5,98.6,96.4,96.7,96,97.1,96.4,95.9,97.5,96.5,95.9,96.5,95.7,96.8,95.2,96.4,96.5,96.4,93.6,94,95,96.3,95.7,93.8,95.3,94.2,95.3,92.3,93.8,92.8,92.1,93.9,95.1,94.4,95,93.1,93.4,90.9,92.5,94.5,91.8,93.4,92.3,92.3,90.9,92,89.6,92.7,93.1,91.7,92.2,92.5,91.9,92.4,91.1,90.2,90.5,92.9,92.7,91.2,92.9,90.5,89.9,89.7,91.4,90.5,88.9,91.9,89.6,89.8,90.7,88.9,88.1,87.6,87.6,89.8,89.7,88.9,87.9,88.2,90.1,89.1,89.2,90.2,87.9,89.4,86.5,87.8,86.7,88.6,88,88.9,89.3,88,88.8,88,87.8,88.6,88.8,88.6,88.5,85.8,87.7,87.3,87.3,87.6,87.8,85.3,90.5,87.7,89.2,85.5,88.3,87.4,88.1,88,87.9,87.7,86.8,85,86.9,85.9,84.7,87.7,84.3,88,83.1,83.8,85,87.2,83.2,85.2,87.4,83.4,84.8,85.8,85.9,83,84,83.8,81.2,81.9,83.5,83.3,83.3,83.1,83.4,84.1,84.2,85.9,85.2,83.3,82.9,83.7,81.8,82.1,80.7,84.2,85.2,83.4,82,82.5,82.5,80.5,82.5,82.6,83.3,81.3,83,82.3,80.3,82.2,79.3,81.4,81.2,82.3,83.3,81,82.5,83.3,81.1,81.8,79.4,82.3,79.1,80.9,80.3,79.5,81.2,82.3,81.2,78.8,82.6,80.4,80,79.6,78.2,81.5,82.4,80.7,81.2,77.8,80.4,77.2,79.7,79.4,,,,,,,,,,,,,,,,,,,,,,,,,,,,,,,,,,,,,,,,,,,,,,,,,,,,,,,,,,,,,,,
masterfile14,32,FALCON 9 BLOCK 4,CRS-15,ISS RESUPPLY,SPACE EXPLORATION TECHNOLOGIES CORP.,NASA,29 JUNE 2018,09:42:42.000,LAUNCH NOISE,SLC-40,ACRP PROJECT 02-81,BLUE RIDGE RESEARCH AND CONSULTING,UCS 15,UCS15,341,NONE,13,"1/2"" MICROPHONE PRES-FIELD",GRAS 46AO,307157,13.437,GRAZING,YES,YES,GRAS 26CA,NI-9234,GEOGRAPHIC,WGS 84,28.577783,-80.607428,3.7,NONE,,,,,,,,,,,,,,,,,,,,,,,58.5,60.6,62.3,61.9,60.3,57.6,58.4,59.2,59.5,58.2,59.7,58.9,61.3,58.9,59.4,57.4,60.3,58.1,58.7,58.4,56.8,59.6,59,60.5,60,60.7,59.4,57.1,57.8,58.8,58.2,58.6,58.6,56.9,58.1,57.8,59.5,58.4,58.5,59.9,87.7,91.6,87.7,87.7,93.1,99.2,105.6,109.4,114.4,115.3,113.9,114.7,115.7,114.7,114.6,115.1,115,117.8,118.2,117.8,119.8,120,120.6,122.6,122,122.6,122.1,121.2,121.6,119.9,121,118.4,119,119,119,118.4,118,116.7,117.4,115.9,117.2,116.9,113.7,114.6,112.2,113.7,113.3,113.9,113.4,111.5,112,110.8,110.2,109.1,109.6,108,107.9,107.6,107.3,105.3,107.4,107.6,106.3,104.8,103.2,106.7,103.6,105.6,105,103.2,104.1,102.7,103.6,101.6,100.8,102.6,103.9,101.5,102,101.2,98.8,99.2,100.3,101.5,98.5,98.2,98.1,97.4,99.1,98,99.6,99.7,97.1,98.2,95.9,98.2,97.8,95.9,95.9,95.5,96.1,95.2,95.1,96.8,96,95.6,95.3,95.4,96.4,93.7,96,95.5,96,93.2,93.3,95.1,96,95.4,93.2,94.9,94.2,95,91.7,93.3,92.3,91.2,93.7,95.2,94.3,94.4,93.1,93.4,90,92.1,94.1,91.6,93.4,92.1,91.5,90.1,92.1,89,91.8,93.3,91.2,91.7,91.9,91.3,92.3,89.9,89.5,89.3,92.6,92.4,90.9,93.3,90.3,89.7,90,90.5,90.1,88.6,91.4,89.2,89.7,89.9,88.6,87.7,87,87.2,89.5,89.6,89.1,87.1,87.9,90,89.3,89.3,90.1,87.8,89.3,85.9,87.2,86.9,89.2,89,88.9,89.7,87.6,89.2,88.5,87.6,88.6,89.3,88.7,88.1,86.1,87.4,86.8,87,87.8,87.8,84.8,91.3,87.5,89.7,85.2,88,87,88.6,88.1,88.7,87.5,87,84.5,86.8,86.3,85.1,87.6,84.8,88.5,82.6,83.4,86.8,87.2,83.2,85.1,87.6,84.9,85.2,85.7,86.3,82.8,84,83.8,81.1,80.9,84.1,84.2,83.6,83.2,83.5,84.7,84.8,86.2,85.2,84.1,82.8,84.2,82.2,81.9,80.4,84.6,85.3,84.4,82,82.5,83.3,79.9,82.1,83.1,83.3,81.8,83.2,82.4,81.1,82.3,80.4,81.5,81.2,83.2,84.6,81,82.7,84.3,80.9,84,79.4,83.7,79.2,81.2,80.9,80.2,82.7,82.4,82,79.5,82.8,81.1,80.1,79.8,79.6,82,83.6,80.9,81.9,78,81.2,77.9,79.5,80.1,,,,,,,,,,,,,,,,,,,,,,,,,,,,,,,,,,,,,,,,,,,,,,,,,,,,,,,,,,,,,,,
masterfile15,34,FALCON 9 BLOCK 4,CRS-15,ISS RESUPPLY,SPACE EXPLORATION TECHNOLOGIES CORP.,NASA,29 JUNE 2018,09:42:42.000,LAUNCH NOISE,SLC-40,ACRP PROJECT 02-81,BLUE RIDGE RESEARCH AND CONSULTING,E Schwartz Rd,ESCHWZ,360,NONE,14,"1/2"" MICROPHONE RAND-FIELD",PCB 377B20,148990,50.000,INVERTED,YES,YES,PCB PRMLxT1,LD-LxT,GEOGRAPHIC,WGS 84,28.562952,-80.616562,0.0,NONE,,,,,,NaN,NaN,NaN,NaN,NaN,NaN,NaN,NaN,NaN,NaN,NaN,NaN,NaN,NaN,NaN,NaN,NaN,NaN,NaN,NaN,NaN,NaN,NaN,NaN,NaN,NaN,NaN,NaN,NaN,NaN,NaN,NaN,NaN,NaN,NaN,NaN,NaN,NaN,NaN,NaN,NaN,NaN,NaN,NaN,NaN,NaN,NaN,NaN,NaN,NaN,NaN,NaN,NaN,NaN,NaN,NaN,NaN,NaN,NaN,NaN,NaN,NaN,NaN,NaN,NaN,NaN,NaN,NaN,NaN,NaN,NaN,NaN,NaN,NaN,NaN,NaN,NaN,NaN,NaN,NaN,NaN,NaN,NaN,NaN,NaN,NaN,NaN,NaN,NaN,NaN,NaN,NaN,NaN,NaN,NaN,NaN,NaN,NaN,NaN,NaN,NaN,NaN,NaN,NaN,NaN,NaN,NaN,NaN,NaN,NaN,NaN,NaN,NaN,NaN,NaN,NaN,NaN,NaN,NaN,NaN,NaN,NaN,NaN,NaN,NaN,NaN,NaN,NaN,NaN,NaN,NaN,NaN,NaN,NaN,NaN,NaN,NaN,NaN,NaN,NaN,NaN,NaN,NaN,NaN,NaN,NaN,NaN,NaN,NaN,NaN,NaN,NaN,NaN,NaN,NaN,NaN,NaN,NaN,NaN,NaN,NaN,NaN,NaN,NaN,NaN,NaN,NaN,NaN,NaN,NaN,NaN,NaN,NaN,NaN,NaN,NaN,NaN,NaN,NaN,NaN,NaN,NaN,NaN,NaN,NaN,NaN,NaN,NaN,NaN,NaN,NaN,NaN,NaN,NaN,NaN,NaN,NaN,NaN,NaN,NaN,NaN,NaN,NaN,NaN,NaN,NaN,NaN,NaN,NaN,NaN,NaN,NaN,NaN,NaN,NaN,NaN,NaN,NaN,NaN,NaN,NaN,NaN,NaN,NaN,NaN,NaN,NaN,NaN,NaN,NaN,NaN,NaN,NaN,NaN,NaN,NaN,NaN,NaN,NaN,NaN,NaN,NaN,NaN,NaN,NaN,NaN,NaN,NaN,NaN,NaN,NaN,NaN,NaN,NaN,NaN,NaN,NaN,NaN,NaN,NaN,NaN,NaN,NaN,NaN,NaN,NaN,NaN,NaN,NaN,NaN,NaN,NaN,NaN,NaN,NaN,NaN,NaN,NaN,NaN,NaN,NaN,NaN,NaN,NaN,NaN,NaN,NaN,NaN,NaN,NaN,NaN,NaN,NaN,NaN,NaN,NaN,NaN,NaN,NaN,NaN,NaN,NaN,NaN,NaN,NaN,NaN,NaN,NaN,NaN,NaN,NaN,NaN,NaN,NaN,NaN,NaN,NaN,NaN,NaN,NaN,NaN,NaN,NaN,NaN,NaN,NaN,NaN,NaN,NaN,NaN,NaN,NaN,NaN,NaN,NaN,NaN,NaN,NaN,NaN,NaN,NaN,NaN,NaN,NaN,NaN,NaN,NaN,NaN,NaN,NaN,NaN,NaN,NaN,NaN,NaN,NaN,NaN,NaN,NaN,NaN,,,,,,,,,,,,,,,,,,,,,,,,,,,,,,,,,,,,,,,,,,,,,,,,,,,,,,,,,,,,,
masterfile16,34,FALCON 9 BLOCK 4,CRS-15,ISS RESUPPLY,SPACE EXPLORATION TECHNOLOGIES CORP.,NASA,29 JUNE 2018,09:42:42.000,LAUNCH NOISE,SLC-40,ACRP PROJECT 02-81,BLUE RIDGE RESEARCH AND CONSULTING,UCS 12,UCS12,360,NONE,15,"1/2"" MICROPHONE RAND-FIELD",PCB 377B20,149313,50.000,INVERTED,YES,YES,PCB PRMLxT1,LD-LxT,GEOGRAPHIC,WGS 84,28.601405,-80.589032,0.0,CONTINUOUS MECH TONAL NOISE <500 HZ & 8 KHZ,,,,,,,,NaN,NaN,NaN,NaN,NaN,NaN,NaN,NaN,NaN,NaN,NaN,NaN,NaN,NaN,NaN,NaN,NaN,NaN,NaN,NaN,NaN,NaN,NaN,NaN,NaN,NaN,NaN,NaN,NaN,NaN,NaN,NaN,NaN,NaN,NaN,NaN,NaN,NaN,NaN,NaN,NaN,NaN,NaN,NaN,NaN,NaN,NaN,NaN,NaN,NaN,NaN,NaN,NaN,NaN,NaN,NaN,NaN,NaN,NaN,NaN,NaN,NaN,NaN,NaN,NaN,NaN,NaN,NaN,NaN,NaN,NaN,NaN,NaN,NaN,NaN,NaN,NaN,NaN,NaN,NaN,NaN,NaN,NaN,NaN,NaN,NaN,NaN,NaN,NaN,NaN,NaN,NaN,NaN,NaN,NaN,NaN,NaN,NaN,NaN,NaN,NaN,NaN,NaN,NaN,NaN,NaN,NaN,NaN,NaN,NaN,NaN,NaN,NaN,NaN,NaN,NaN,NaN,NaN,NaN,NaN,NaN,NaN,NaN,NaN,NaN,NaN,NaN,NaN,NaN,NaN,NaN,NaN,NaN,NaN,NaN,NaN,NaN,NaN,NaN,NaN,NaN,NaN,NaN,NaN,NaN,NaN,NaN,NaN,NaN,NaN,NaN,NaN,NaN,NaN,NaN,NaN,NaN,NaN,NaN,NaN,NaN,NaN,NaN,NaN,NaN,NaN,NaN,NaN,NaN,NaN,NaN,NaN,NaN,NaN,NaN,NaN,NaN,NaN,NaN,NaN,NaN,NaN,NaN,NaN,NaN,NaN,NaN,NaN,NaN,NaN,NaN,NaN,NaN,NaN,NaN,NaN,NaN,NaN,NaN,NaN,NaN,NaN,NaN,NaN,NaN,NaN,NaN,NaN,NaN,NaN,NaN,NaN,NaN,NaN,NaN,NaN,NaN,NaN,NaN,NaN,NaN,NaN,NaN,NaN,NaN,NaN,NaN,NaN,NaN,NaN,NaN,NaN,NaN,NaN,NaN,NaN,NaN,NaN,NaN,NaN,NaN,NaN,NaN,NaN,NaN,NaN,NaN,NaN,NaN,NaN,NaN,NaN,NaN,NaN,NaN,NaN,NaN,NaN,NaN,NaN,NaN,NaN,NaN,NaN,NaN,NaN,NaN,NaN,NaN,NaN,NaN,NaN,NaN,NaN,NaN,NaN,NaN,NaN,NaN,NaN,NaN,NaN,NaN,NaN,NaN,NaN,NaN,NaN,NaN,NaN,NaN,NaN,NaN,NaN,NaN,NaN,NaN,NaN,NaN,NaN,NaN,NaN,NaN,NaN,NaN,NaN,NaN,NaN,NaN,NaN,NaN,NaN,NaN,NaN,NaN,NaN,NaN,NaN,NaN,NaN,NaN,NaN,NaN,NaN,NaN,NaN,NaN,NaN,NaN,NaN,NaN,NaN,NaN,NaN,NaN,NaN,NaN,NaN,NaN,NaN,NaN,NaN,NaN,NaN,NaN,NaN,NaN,NaN,NaN,NaN,NaN,NaN,NaN,NaN,NaN,NaN,NaN,NaN,NaN,NaN,,,,,,,,,,,,,,,,,,,,,,,,,,,,,,,,,,,,,,,,,,,,,,,,,,,,,,,,,,,
masterfile17,34,FALCON 9 BLOCK 4,CRS-15,ISS RESUPPLY,SPACE EXPLORATION TECHNOLOGIES CORP.,NASA,29 JUNE 2018,09:42:42.000,LAUNCH NOISE,SLC-40,ACRP PROJECT 02-81,BLUE RIDGE RESEARCH AND CONSULTING,Static Test Viewing Site,STATVS,360,NONE,16,"1/2"" MICROPHONE RAND-FIELD",PCB 377B20,148910,50.000,INVERTED,YES,YES,PCB PRMLxT1,LD-LxT,GEOGRAPHIC,WGS 84,28.532226,-80.616653,0.0,CONTINUOUS UCS TONAL NOISE 40-50 & 80-125 HZ,,,,,,,,,NaN,NaN,NaN,NaN,NaN,NaN,NaN,NaN,NaN,NaN,NaN,NaN,NaN,NaN,NaN,NaN,NaN,NaN,NaN,NaN,NaN,NaN,NaN,NaN,NaN,NaN,NaN,NaN,NaN,NaN,NaN,NaN,NaN,NaN,NaN,NaN,NaN,NaN,NaN,NaN,NaN,NaN,NaN,NaN,NaN,NaN,NaN,NaN,NaN,NaN,NaN,NaN,NaN,NaN,NaN,NaN,NaN,NaN,NaN,NaN,NaN,NaN,NaN,NaN,NaN,NaN,NaN,NaN,NaN,NaN,NaN,NaN,NaN,NaN,NaN,NaN,NaN,NaN,NaN,NaN,NaN,NaN,NaN,NaN,NaN,NaN,NaN,NaN,NaN,NaN,NaN,NaN,NaN,NaN,NaN,NaN,NaN,NaN,NaN,NaN,NaN,NaN,NaN,NaN,NaN,NaN,NaN,NaN,NaN,NaN,NaN,NaN,NaN,NaN,NaN,NaN,NaN,NaN,NaN,NaN,NaN,NaN,NaN,NaN,NaN,NaN,NaN,NaN,NaN,NaN,NaN,NaN,NaN,NaN,NaN,NaN,NaN,NaN,NaN,NaN,NaN,NaN,NaN,NaN,NaN,NaN,NaN,NaN,NaN,NaN,NaN,NaN,NaN,NaN,NaN,NaN,NaN,NaN,NaN,NaN,NaN,NaN,NaN,NaN,NaN,NaN,NaN,NaN,NaN,NaN,NaN,NaN,NaN,NaN,NaN,NaN,NaN,NaN,NaN,NaN,NaN,NaN,NaN,NaN,NaN,NaN,NaN,NaN,NaN,NaN,NaN,NaN,NaN,NaN,NaN,NaN,NaN,NaN,NaN,NaN,NaN,NaN,NaN,NaN,NaN,NaN,NaN,NaN,NaN,NaN,NaN,NaN,NaN,NaN,NaN,NaN,NaN,NaN,NaN,NaN,NaN,NaN,NaN,NaN,NaN,NaN,NaN,NaN,NaN,NaN,NaN,NaN,NaN,NaN,NaN,NaN,NaN,NaN,NaN,NaN,NaN,NaN,NaN,NaN,NaN,NaN,NaN,NaN,NaN,NaN,NaN,NaN,NaN,NaN,NaN,NaN,NaN,NaN,NaN,NaN,NaN,NaN,NaN,NaN,NaN,NaN,NaN,NaN,NaN,NaN,NaN,NaN,NaN,NaN,NaN,NaN,NaN,NaN,NaN,NaN,NaN,NaN,NaN,NaN,NaN,NaN,NaN,NaN,NaN,NaN,NaN,NaN,NaN,NaN,NaN,NaN,NaN,NaN,NaN,NaN,NaN,NaN,NaN,NaN,NaN,NaN,NaN,NaN,NaN,NaN,NaN,NaN,NaN,NaN,NaN,NaN,NaN,NaN,NaN,NaN,NaN,NaN,NaN,NaN,NaN,NaN,NaN,NaN,NaN,NaN,NaN,NaN,NaN,NaN,NaN,NaN,NaN,NaN,NaN,NaN,NaN,NaN,NaN,NaN,NaN,NaN,NaN,NaN,NaN,NaN,NaN,NaN,NaN,NaN,NaN,NaN,NaN,NaN,NaN,NaN,,,,,,,,,,,,,,,,,,,,,,,,,,,,,,,,,,,,,,,,,,,,,,,,,,,,,,,,,,
masterfile18,34,FALCON 9 BLOCK 4,CRS-15,ISS RESUPPLY,SPACE EXPLORATION TECHNOLOGIES CORP.,NASA,29 JUNE 2018,09:42:42.000,LAUNCH NOISE,SLC-40,ACRP PROJECT 02-81,BLUE RIDGE RESEARCH AND CONSULTING,KSC Landfill,LNDFIL,360,NONE,17,"1/2"" MICROPHONE RAND-FIELD",PCB 377B20,142878,50.000,INVERTED,YES,YES,PCB PRMLxT1,LD-LxT,GEOGRAPHIC,WGS 84,28.563036,-80.633810,0.0,NONE,,,,,,,,,,,NaN,NaN,NaN,NaN,NaN,NaN,NaN,NaN,NaN,NaN,NaN,NaN,NaN,NaN,NaN,NaN,NaN,NaN,NaN,NaN,NaN,NaN,NaN,NaN,NaN,NaN,NaN,NaN,NaN,NaN,NaN,NaN,NaN,NaN,NaN,NaN,NaN,NaN,NaN,NaN,NaN,NaN,NaN,NaN,NaN,NaN,NaN,NaN,NaN,NaN,NaN,NaN,NaN,NaN,NaN,NaN,NaN,NaN,NaN,NaN,NaN,NaN,NaN,NaN,NaN,NaN,NaN,NaN,NaN,NaN,NaN,NaN,NaN,NaN,NaN,NaN,NaN,NaN,NaN,NaN,NaN,NaN,NaN,NaN,NaN,NaN,NaN,NaN,NaN,NaN,NaN,NaN,NaN,NaN,NaN,NaN,NaN,NaN,NaN,NaN,NaN,NaN,NaN,NaN,NaN,NaN,NaN,NaN,NaN,NaN,NaN,NaN,NaN,NaN,NaN,NaN,NaN,NaN,NaN,NaN,NaN,NaN,NaN,NaN,NaN,NaN,NaN,NaN,NaN,NaN,NaN,NaN,NaN,NaN,NaN,NaN,NaN,NaN,NaN,NaN,NaN,NaN,NaN,NaN,NaN,NaN,NaN,NaN,NaN,NaN,NaN,NaN,NaN,NaN,NaN,NaN,NaN,NaN,NaN,NaN,NaN,NaN,NaN,NaN,NaN,NaN,NaN,NaN,NaN,NaN,NaN,NaN,NaN,NaN,NaN,NaN,NaN,NaN,NaN,NaN,NaN,NaN,NaN,NaN,NaN,NaN,NaN,NaN,NaN,NaN,NaN,NaN,NaN,NaN,NaN,NaN,NaN,NaN,NaN,NaN,NaN,NaN,NaN,NaN,NaN,NaN,NaN,NaN,NaN,NaN,NaN,NaN,NaN,NaN,NaN,NaN,NaN,NaN,NaN,NaN,NaN,NaN,NaN,NaN,NaN,NaN,NaN,NaN,NaN,NaN,NaN,NaN,NaN,NaN,NaN,NaN,NaN,NaN,NaN,NaN,NaN,NaN,NaN,NaN,NaN,NaN,NaN,NaN,NaN,NaN,NaN,NaN,NaN,NaN,NaN,NaN,NaN,NaN,NaN,NaN,NaN,NaN,NaN,NaN,NaN,NaN,NaN,NaN,NaN,NaN,NaN,NaN,NaN,NaN,NaN,NaN,NaN,NaN,NaN,NaN,NaN,NaN,NaN,NaN,NaN,NaN,NaN,NaN,NaN,NaN,NaN,NaN,NaN,NaN,NaN,NaN,NaN,NaN,NaN,NaN,NaN,NaN,NaN,NaN,NaN,NaN,NaN,NaN,NaN,NaN,NaN,NaN,NaN,NaN,NaN,NaN,NaN,NaN,NaN,NaN,NaN,NaN,NaN,NaN,NaN,NaN,NaN,NaN,NaN,NaN,NaN,NaN,NaN,NaN,NaN,NaN,NaN,NaN,NaN,NaN,NaN,NaN,NaN,NaN,NaN,NaN,NaN,NaN,NaN,NaN,NaN,NaN,NaN,NaN,NaN,NaN,NaN,NaN,NaN,NaN,,,,,,,,,,,,,,,,,,,,,,,,,,,,,,,,,,,,,,,,,,,,,,,,,,,,,,,,
masterfile19,34,FALCON 9 BLOCK 4,CRS-15,ISS RESUPPLY,SPACE EXPLORATION TECHNOLOGIES CORP.,NASA,29 JUNE 2018,09:42:42.000,LAUNCH NOISE,SLC-40,ACRP PROJECT 02-81,BLUE RIDGE RESEARCH AND CONSULTING,LC-39A,LC39A,360,NONE,18,"1/2"" MICROPHONE FREE-FIELD",PCB 377B02,105430,43.760,INVERTED,YES,YES,PCB PRM831,LD-831,GEOGRAPHIC,WGS 84,28.611410,-80.599396,0.0,INTERMITTENT HI-FREQ & TONAL NOISE <500 HZ,,,,,,,,,,,,67.2,65.2,64.9,66.4,62.8,62.1,60.7,60.8,60.2,63.7,68.4,64.7,62.2,61.3,60.3,62,63.3,69.1,68.1,65.6,63.9,63.7,63,61.6,60.6,60.5,60.8,60.5,60.4,59.5,59.8,60,64.3,68,66,64.6,64.2,61.3,61.7,61.7,60.1,61.6,61.9,62.7,61.7,61.6,60.7,64.1,70.4,66.9,65.1,64.2,65.7,62.6,63.3,62,63.6,65.7,63.2,77.5,84.6,83.7,80.2,85.1,88.9,96.6,98.5,103.7,104,101.9,100.8,100.2,100.6,101.9,102.7,104.3,105.2,105.5,106,107.6,107.8,110.9,110.2,110.4,113.5,113.1,112.8,112.5,112.2,111.2,111.3,113.2,113.8,112.9,114,113.6,114.1,112.7,113.5,114,114,112.6,112.6,112.7,112.5,111.6,111.8,111.3,110.4,110.8,109.8,108.3,109.7,108.4,107.9,108,107.1,106.8,107.2,106.5,107.1,106.1,105.6,105.4,105.8,104.9,104.9,104.2,104.1,104.1,103.5,103.5,103.9,102.7,102.6,101.5,102.2,102.2,101.5,101.2,101.1,100.8,100.7,99,101.1,101.1,100.1,99.8,98.8,98.4,97.5,97.9,98.2,98.3,97.3,96.4,98.5,96.5,97.2,96.2,96.4,95.9,95.4,96.8,96.4,95.4,94.1,96.1,96.5,96.3,96,95.8,95.6,94.4,94.3,93.6,93.9,93.2,94.4,94.8,94.6,93.3,93.1,91.2,92.6,93.3,91.3,92.1,92,92.5,92.7,92.7,91.5,92.8,91.3,91.9,90.9,91.5,91.6,91.1,89.9,89.6,90.8,93.1,90.6,90.7,90,88.2,88.4,90.1,90.2,88.6,91.1,88.9,89.6,88.5,89.6,87.9,88.2,89.7,89.4,87.5,88.4,88.4,89.4,89,89,87.7,88,89.3,87.4,87.5,85.4,85.8,87.3,87.3,86.5,85.8,86.8,85,86.3,87.5,86.1,86.4,85.5,84,85.9,85.2,85.9,84,81.7,84.5,86.3,84.4,82.6,84.7,83.1,84.3,84,82.7,84.7,84.3,82.8,83.9,82.2,82.9,85,82.1,82.8,83.7,81.4,82.8,82.6,82.6,83.8,83.4,81.4,82.2,82.2,81.2,80.9,81.4,80.1,80.7,81,79.6,80.8,80.7,81.6,81.8,80.2,81.1,83.1,80.7,80.8,80.8,80.9,79.7,80,78.9,80.6,81.1,79.6,78.4,80.3,78.4,79.5,78.8,78.9,78.1,78.8,78.1,75.3,76.8,77,77.4,78.3,79.3,76.4,77.3,78.7,78.6,78.4,76.9,76.4,77.6,74.9,77.1,76.4,77.8,78.4,78.5,77.2,77.1,79.6,78.4,77.9,79.1,76.1,77.6,75.5,77.8,77.6,74.9,75.3,76.8,76.7,74.7,75.3,75.3,75.3,74.5,74.6,76.9,74.5,77.2,77.7,76.6,74.3,73.8,,,,,,,,,,,,,,,,,,,,,,,,,,,,,,,,,,,,,,,,,,,,,,,,,,,,,,,
masterfile20,32,FALCON 9 BLOCK 4,CRS-15,ISS RESUPPLY,SPACE EXPLORATION TECHNOLOGIES CORP.,NASA,29 JUNE 2018,09:42:42.000,LAUNCH NOISE,SLC-40,ACRP PROJECT 02-81,BLUE RIDGE RESEARCH AND CONSULTING,NASA Causeway,CSWY,333,NONE,19,"1/2"" MICROPHONE PRES-FIELD",PCB 377C13,176487,14.283,INVERTED,YES,YES,PCB 426E01,NI-9234,GEOGRAPHIC,WGS 84,28.499815,-80.589733,0.0,ACTIVE PUBLIC ADDRESS SYSTEM,,,,,,,,,,,,,,,,,,,,,,,,,,,,,,,,,,,,,,,,,65.8,69.7,64.5,74,76.5,71.9,70,73.7,73.5,74.8,72.7,74,73.9,67.7,68.3,70.7,77.9,78.2,78.9,77.2,76.4,74.1,77.3,75,80.8,79.1,76.6,75.1,77.6,79.1,79.7,83,80.1,79.9,81.1,82.8,81.9,84.4,86.8,88.9,91.6,90.2,91.8,93.7,94.6,95.9,98.3,102.9,108.4,110,107.4,108.6,111.4,114.1,114.6,117.1,117.5,117.2,117.8,117.7,118.4,117.6,117.5,118,117.6,116.5,116.1,115.7,116.3,115,115.1,114.6,113.5,113.1,113.5,114.2,114,113.6,113.2,113.2,112.5,110.8,112.2,110.6,109.9,110.7,109.5,108.6,107.2,108.2,107.4,107.7,106.9,106.6,106.7,106.4,106.8,106.5,105.9,105.5,103.6,102.8,102.9,103.5,103.3,102.8,101,101.4,101.5,100.5,100,100.6,99.4,98.1,97.9,99.1,99,97,97.4,96.4,97.3,99.2,94.9,97.2,96.8,95.9,95.1,93.7,94.4,94.5,94.2,95.4,94.3,92.5,91.6,93.1,92.5,92,90.1,90.6,90.4,89.7,89.3,90.6,87.9,90.5,88.1,87.1,88.5,87.8,88,87.7,85.6,86.1,86.1,85.8,88.1,88.5,87,85.4,85,83.2,88.4,85.9,86.4,86.4,85.6,84.8,82.5,85.1,82.3,85.7,85.3,85.9,84.5,84.9,83.4,84.6,82.6,84,83.1,84.2,84,82.9,86.1,84.9,84.1,84.2,82.8,83.3,81.5,83.6,83.7,82.7,84.8,81.8,83.6,82.5,83.1,83.7,84.9,82.2,83.2,81.3,82.9,84.6,84.4,84.9,83.6,83.1,84.6,81.1,81.8,82.9,84.1,83.6,84.4,84.4,81.1,83.6,85.1,81.4,83.3,83.3,85.3,81.2,82,82.5,82.5,81.6,82.8,81.6,83.4,82.9,85.6,83.3,82.7,83.6,82.4,81.7,83.5,83.1,82.7,82,82.6,79.7,82.4,81.7,80.9,83.6,84.1,82.1,83,82.5,81.9,82.8,79.4,80.2,82.9,81.7,82.9,80.9,82.9,82.5,82.6,79.6,81,80.4,81.8,81,81.6,81.2,83.4,82.2,82.7,84.4,83.2,83.1,82.9,81.5,81.4,78.9,79.9,80.5,80.5,82.1,81.7,80.6,81.1,81.2,78.4,80.5,80.8,81.7,80.7,80.6,80.3,80.7,81.9,80.8,78.3,80.1,78.6,78.9,79.7,78.5,79.6,79,79.7,79.4,79.7,79.4,78.7,79,78,78.2,76.7,79.2,76,77.3,78.1,78.7,75.6,76.9,80,77.6,78.4,78.3,77.7,76.7,76.3,75.2,77.3,,,,,,,,,,,,,,,,,,,,,,,,,,,,,,,,,,,,,,,,,,,,,,,,,,,,,
masterfile21,32,FALCON 9 BLOCK 4,CRS-15,ISS RESUPPLY,SPACE EXPLORATION TECHNOLOGIES CORP.,NASA,29 JUNE 2018,09:42:42.000,LAUNCH NOISE,SLC-40,ACRP PROJECT 02-81,BLUE RIDGE RESEARCH AND CONSULTING,NASA Causeway,CSWY,333,NONE,20,"1/2"" MICROPHONE PRES-FIELD",PCB 377B11,126877,45.380,INVERTED,YES,YES,PCB 426E01,NI-9234,GEOGRAPHIC,WGS 84,28.499815,-80.589733,0.0,ACTIVE PUBLIC ADDRESS SYSTEM,,,,,,,,,,,,,,,,,,,,,,,,,,,,,,,,,,,,,,,,,65.8,69.7,64.8,74.7,77.4,72.4,70.4,74.4,74.4,75.9,72.8,74.3,74.8,68.5,67.1,71.3,78.3,78.5,79.1,77.2,77.1,74.5,77.5,75.8,80.7,79.4,76.6,75.3,77.3,79.1,79.8,82.8,79.6,80.1,81.1,82.9,81.8,84.6,87,89.2,91.9,90.4,92.1,94,94.9,96.2,98.5,103.1,108.5,110.1,107.6,108.8,111.6,114.1,114.7,117.3,117.6,117.3,118,118,118.7,117.8,117.8,118.2,117.8,116.7,116.3,115.9,116.5,115.2,115.4,114.9,113.8,113.4,113.8,114.5,114.3,113.9,113.5,113.4,112.8,111.1,112.5,111,110.2,111,109.8,108.9,107.5,108.6,107.7,108.1,107.3,107,107,106.7,107.1,106.8,106.2,105.8,103.9,103.1,103.2,103.9,103.7,103.2,101.3,101.8,101.9,100.9,100.4,101,99.7,98.5,98.2,99.4,99.4,97.4,97.8,96.7,97.6,99.6,95.3,97.6,97.3,96.3,95.5,94.1,94.8,94.9,94.7,95.9,94.7,92.9,91.9,93.6,93,92.4,90.7,91,90.8,90.3,89.8,91.1,88.3,91,88.6,87.5,89,88.3,88.5,88.1,86.1,86.7,86.7,86.3,88.6,89.1,87.7,86,85.6,83.6,88.9,86.4,87.1,87,86.1,85.2,82.9,85.6,82.8,86.2,86,86.5,85.1,85.5,83.7,85.1,83.1,84.5,83.6,84.7,84.6,83.4,86.6,85.3,84.7,84.7,83.2,83.8,81.9,84.1,84.4,83.2,85.4,82.2,84,82.7,83.6,84.2,85.4,82.6,83.7,81.5,83.4,85,84.8,85.5,84.2,83.6,85.2,81.5,82.3,83.1,84.7,83.7,84.8,85,81.7,83.9,85.6,82.2,84,83.6,85.9,81.9,82.5,82.7,82.9,82.8,83.4,82.1,84,83.9,86.4,83.8,83.2,83.8,82.8,82.2,84,83.4,83.2,82.5,83.2,79.8,82.7,82.3,81.5,83.8,84.2,82.6,83.3,83,82.3,83.3,80,80.8,83.2,82.2,83.4,81.1,83.7,82.9,83,80.1,81.5,80.8,82.2,81.5,82,81.6,84.2,82.6,83.1,85,84,83.5,83.2,81.7,81.8,79.2,80.4,80.9,81.2,82.6,82.9,81,81.5,81.8,78.8,80.7,81,82.1,81.4,81,80.6,81.3,82.6,81.3,78.7,80.6,79.1,79.5,79.9,79.1,79.8,79.5,80.2,80.2,80.2,79.8,79.1,79.5,76.9,79.1,76.7,79.6,76.2,77.9,78.3,79.3,75.7,77.8,79.4,78.4,78.8,79.6,78.5,76.6,77.1,76.3,78.4,,,,,,,,,,,,,,,,,,,,,,,,,,,,,,,,,,,,,,,,,,,,,,,,,,,,,
masterfile22,32,FALCON 9 BLOCK 4,CRS-15,ISS RESUPPLY,SPACE EXPLORATION TECHNOLOGIES CORP.,NASA,29 JUNE 2018,09:42:42.000,LAUNCH NOISE,SLC-40,ACRP PROJECT 02-81,BLUE RIDGE RESEARCH AND CONSULTING,NASA Causeway,CSWY,333,NONE,21,"1/2"" MICROPHONE PRES-FIELD",PCB 377B11,126752,46.411,GRAZING,YES,YES,PCB 426E01,NI-9234,GEOGRAPHIC,WGS 84,28.499815,-80.589733,1.5,ACTIVE PUBLIC ADDRESS SYSTEM,,,,,,,,,,,,,,,,,,,,,,,,,,,,,,,,,,,,,,,,,70.6,71.2,68.8,80.7,83.3,77.2,76.4,79.5,80.9,81.2,79.9,78.2,82.2,83.1,83.5,80.1,84.6,82.4,82.2,81.8,80.4,82.6,80.5,80.4,81.4,81.4,76.2,76.3,78,78.3,79.5,84,78.4,80.4,81.2,81.9,80,83.8,86.3,89.1,91.9,90.2,91.7,93.8,94.7,95.7,98.3,102.9,108.3,109.8,107.5,108.4,111.1,113.9,114.1,116.8,117.2,116.6,117.5,117.5,118.2,117.4,117.2,117.5,117.2,116.2,115.9,115.5,116.1,114.7,114.7,114.2,113.1,112.6,113.1,113.7,113.7,113.2,112.7,112.4,112,110.3,111.9,110.2,109.3,110.1,108.8,107.9,106.3,107.8,106.9,107.3,106.1,106,106.5,105.7,106.2,106,105.2,105,102.9,102.4,102.4,103.1,103.3,102.3,100.6,101,101.2,100.3,99.7,100.5,99.1,97.7,97.7,98.3,98.5,96.7,97.4,96.3,97.1,99.3,94.6,97.4,97,95.5,95.5,94.2,94.4,94.2,94.3,95.9,95,92.5,91.7,93.8,93,92.3,90.8,91,91.1,90.2,90.1,91.4,88.4,90.9,88.5,87.5,89.3,90.3,89.1,88.3,87.4,87.2,87.1,86.6,88.8,89.3,89.1,85.4,85.6,83.1,89,86.5,87.7,87.4,86.5,85.7,83.2,86.1,83.4,86.6,87.6,86.7,85.6,85.8,83.2,84.7,82.4,85,83.2,85.3,86.8,84.3,88.5,86.7,85.6,84.6,82.3,83.4,81.8,84.4,85.7,84.2,85.4,82.5,84.1,83.3,84.2,85.3,87.4,85.2,85.7,84.8,83.9,85,85.1,87.1,86.8,83.6,86.9,84,83.6,83.7,86.5,84.6,84.9,89.5,83.4,83.7,87.2,81.2,83.4,83.2,85.5,83.9,83.6,83.2,84.9,83.2,85.6,84.7,86.6,84,87.2,84.3,84.7,83.6,84.7,84.6,85.5,81.9,84.7,82.8,84.6,81.5,85.8,84.1,83.6,83.4,83.4,86.4,84.6,83.8,82.6,83,81.8,83.3,83.9,81.6,83.6,81.5,82.9,84.1,84.4,79.8,81.9,82.1,81.6,82.5,81.7,81.9,85,83.8,84,86,83.8,84.6,83.8,81.5,84,81.6,82.5,81,84.4,85.1,84.3,83.8,83.7,87.1,84.1,83.1,82.5,83.7,82.5,85.6,84.8,83.6,85.7,85.7,82.9,83.4,83.3,80.2,83.1,81.8,81.9,79.6,81.1,87,84.4,85.2,86.2,80.2,80.2,82.1,81.2,80.7,77.4,80.2,82.7,83.7,79.6,81.8,80.3,82.1,84.5,80,83.7,80.4,82.7,80.3,85.2,,,,,,,,,,,,,,,,,,,,,,,,,,,,,,,,,,,,,,,,,,,,,,,,,,,,,
masterfile23,32,FALCON 9 BLOCK 4,CRS-15,ISS RESUPPLY,SPACE EXPLORATION TECHNOLOGIES CORP.,NASA,29 JUNE 2018,09:42:42.000,LAUNCH NOISE,SLC-40,ACRP PROJECT 02-81,BLUE RIDGE RESEARCH AND CONSULTING,NASA Causeway,CSWY,333,NONE,22,"1/2"" MICROPHONE PRES-FIELD",PCB 377B11,126878,46.186,GRAZING,YES,YES,PCB 426E01,NI-9234,GEOGRAPHIC,WGS 84,28.499815,-80.589733,3.7,ACTIVE PUBLIC ADDRESS SYSTEM,,,,,,,,,,,,,,,,,,,,,,,,,,,,,,,,,,,,,,,,,83.1,80.3,74.4,81.1,79.4,80.6,89.3,86.9,80.3,82.7,87.7,82.4,80.2,90.6,86.9,84.4,83,86.9,88.7,87.5,87.3,83.7,83.2,89.2,83.6,86.7,83.7,81.1,77.3,79.8,82.9,87.7,81.2,84.2,83.6,83.8,82.4,86.8,87.3,89.6,92.3,89.9,91.3,93.2,94.2,95.5,97.9,102.5,107.8,109.4,107.1,107.9,110.6,113.4,113.6,116.2,116.4,115.6,116.5,116.4,117.4,116.4,116,116.6,116.1,115.3,114.9,114.4,115.2,113.6,113.7,113.2,112,111.4,112,112.6,112.6,112.3,111.4,110.9,110.8,109.1,110.8,109,108.2,108.6,107.5,106.3,104.7,106.6,105.5,106.2,104.7,104.5,105.4,104.3,104.8,104.7,104,103.8,101.4,101,100.9,101.6,102.2,101,99.4,100.3,99.5,99.2,98.7,99.5,98,96.9,95.6,97,97.6,95.4,96.3,94.8,96,98.3,93.8,96.4,95.9,94.4,94.3,92.8,93.3,93.6,93.2,94.8,93.5,91.4,92.8,92.9,92.8,91.5,89.5,90.4,90.6,90.2,88.5,90.1,88,91.7,87.9,87.5,88.5,87.7,87.5,87.1,86.1,86.6,88.7,86.8,86.8,89.3,88.8,87.6,86.2,84.4,88.6,85.5,85.4,87.2,85.1,86.2,81.6,87.3,82.8,86.1,85.3,86.4,85.4,87.6,83.8,84.2,82.7,86.3,88.9,87.4,87.4,84.2,85.8,87.4,87.5,86.5,85.6,85.3,82.4,83.7,84.6,88,86.8,84.8,89.4,83.4,85.2,85.9,89.2,92.3,88.5,88.4,88.5,93.8,88.1,90.7,89.2,86.9,87.5,86.7,88.5,85.1,88.6,89.6,90.2,87.6,84.4,85.1,85.7,84.1,91.1,89.2,88.4,84.7,85.2,88.7,86.6,87.3,85.3,90,85,85.4,88.5,86.1,87.2,89.5,86.6,87.6,89.6,84.7,84.1,83.8,86.1,87,83.9,89,89.9,84.5,83,82.7,84.7,86.6,83.5,86.1,85.6,87.2,84.2,85.8,85.9,84.6,85.4,85.1,81.8,82.1,83.8,79.4,84.1,83.2,84.5,83.7,83.3,82.3,82.9,86.5,84.9,84.3,87.7,84.8,88.1,80.7,81.5,82.9,81.5,81.8,83.5,82.4,84,84.2,83,82,84.6,85.1,81.7,82.8,84.2,89.3,90.1,88.9,83.7,88,85.4,87.3,90,88,84.3,89,86.3,83,80.2,81.7,84.8,80.3,79.8,82.1,86,85.8,79.6,88.1,88.2,88.4,87.8,84.6,84.2,86.9,83.6,84.2,79.9,79.9,82,77.8,78.3,,,,,,,,,,,,,,,,,,,,,,,,,,,,,,,,,,,,,,,,,,,,,,,,,,,,,
masterfile24,34,FALCON 9 BLOCK 4,CRS-15,ISS RESUPPLY,SPACE EXPLORATION TECHNOLOGIES CORP.,NASA,29 JUNE 2018,09:42:42.000,LAUNCH NOISE,SLC-40,ACRP PROJECT 02-81,BLUE RIDGE RESEARCH AND CONSULTING,W Schwartz Rd,WSCHWZ,360,NONE,23,"1/2"" MICROPHONE FREE-FIELD",PCB 377B02,105222,44.922,INVERTED,YES,YES,PCB PRM831,LD-831,GEOGRAPHIC,WGS 84,28.563123,-80.656773,0.0,CONTINUOUS LOW-LEVEL MECH TONAL NOISE 25 HZ,,,,,,,,,,,,,,,,,69.6,68.1,65.8,64.5,64.7,63.4,63.3,64,63.4,63.3,63.9,64.1,64.4,64.6,64.5,64.2,63.3,63.8,63.3,63.1,63,64.2,63.5,62.8,62,62.3,61.9,62.9,61.8,61.9,61.2,62.2,62.4,62.5,62.9,65.1,66.3,65.3,63.7,64,64.2,63.6,63.2,63.2,62.6,62.5,62.8,62.4,62.2,63.2,63.3,62.6,63.1,62.6,62.7,61.4,61.6,61.6,60.8,61.6,67.5,66.8,66.8,67.3,70.1,70,77,79.3,82.7,85,84.7,81.8,83.1,81.4,84,83.2,84.6,87,87.4,89.9,91.2,93.9,96.1,98.1,101.6,102.6,104.5,110.2,111.6,113.6,113.8,113.8,114.3,113.7,114,113,114.9,114.4,114.6,114,114.1,112.2,112.8,113.6,112.4,113,112.1,112.3,110.8,110.6,111.3,109.9,108.9,108.9,108.2,107.8,108.6,108.4,108,108,107,106.9,107.4,107.2,106.6,105.5,106.5,104.7,105.2,104.8,103.3,103.9,104.2,104.2,102.8,102.3,101.8,102.5,102.7,101.4,100.8,101.5,100.7,100.3,99.6,99.4,100.8,99.6,99.9,99,98.9,97.5,97.7,96.9,97.6,96,96,97.6,96,96.4,97.8,96.2,95.9,95.7,96.8,97,94.2,95.6,94.6,94.4,94.5,95.4,93.6,93,94.1,94.9,90.8,93.3,91.6,91.8,90.5,93.2,92.4,94,91.3,92,91,91.6,92.6,90.8,91.6,91.1,91.7,89.8,91.2,90.2,91.9,90,88.5,89.1,90.9,90.8,89.9,90.2,88.3,88,89.4,89.2,89.1,90.3,88.3,87.9,87,89.5,88.5,87.2,90.4,88.6,87.9,89.1,88.4,87.3,87.4,88.7,87.5,89,86.4,87.5,88.5,89.1,88.1,87.5,88.1,87.4,87.6,86.1,86.2,84.9,85.9,87.3,86,85.9,84.7,86.6,85.6,85.6,86.1,86.2,86.5,86.1,83.9,85.7,84,85.9,85.5,85.8,84.1,84.9,84.3,84.8,82.2,86.3,83.7,84.9,85.6,84.1,86.2,83.9,82.3,84.5,82.9,81.9,84.3,83.8,83,83.6,81.4,82.2,83.2,80.9,82.8,83.9,78.9,79.8,80.4,81,80.9,79,79.1,79.7,77.2,80.5,79.1,80.7,80.2,80,81.6,79.2,80.4,82,81.1,79.6,80.2,79.3,78.3,79.4,79.4,80.8,81.2,78.9,80.5,79.1,79.3,79.2,78.7,80,79.5,78.7,80.3,78.9,79.6,77.3,77.6,78.6,78.3,78.5,78.7,78.7,79.4,80.3,79.5,79.2,78.1,78.3,78.8,78.6,78.4,78.1,78.7,80.1,77.4,78.2,80.1,78.4,79.9,78.4,76.9,78.3,78.1,78,78.4,75.1,77.8,76.4,78,77.5,77.2,77.9,77.6,77.3,,,,,,,,,,,,,,,,,,,,,,,,,,,,,,,,,,,,,,,,,,,,,,,,,,
masterfile25,34,FALCON 9 BLOCK 4,CRS-15,ISS RESUPPLY,SPACE EXPLORATION TECHNOLOGIES CORP.,NASA,29 JUNE 2018,09:42:42.000,LAUNCH NOISE,SLC-40,ACRP PROJECT 02-81,BLUE RIDGE RESEARCH AND CONSULTING,LC-39B,LC39B,360,NONE,24,"1/2"" MICROPHONE RAND-FIELD",PCB 377B20,142931,50.000,INVERTED,YES,YES,PCB PRMLxT1,LD-LxT,GEOGRAPHIC,WGS 84,28.624153,-80.617465,0.0,CONTINUOUS MECH TONAL NOISE <125 HZ,,,,,,,,,,,,,,,,,,NaN,NaN,NaN,NaN,NaN,NaN,NaN,NaN,NaN,NaN,NaN,NaN,NaN,NaN,NaN,NaN,NaN,NaN,NaN,NaN,NaN,NaN,NaN,NaN,NaN,NaN,NaN,NaN,NaN,NaN,NaN,NaN,NaN,NaN,NaN,NaN,NaN,NaN,NaN,NaN,NaN,NaN,NaN,NaN,NaN,NaN,NaN,NaN,NaN,NaN,NaN,NaN,NaN,NaN,NaN,NaN,NaN,NaN,NaN,NaN,NaN,NaN,NaN,NaN,NaN,NaN,NaN,NaN,NaN,NaN,NaN,NaN,NaN,NaN,NaN,NaN,NaN,NaN,NaN,NaN,NaN,NaN,NaN,NaN,NaN,NaN,NaN,NaN,NaN,NaN,NaN,NaN,NaN,NaN,NaN,NaN,NaN,NaN,NaN,NaN,NaN,NaN,NaN,NaN,NaN,NaN,NaN,NaN,NaN,NaN,NaN,NaN,NaN,NaN,NaN,NaN,NaN,NaN,NaN,NaN,NaN,NaN,NaN,NaN,NaN,NaN,NaN,NaN,NaN,NaN,NaN,NaN,NaN,NaN,NaN,NaN,NaN,NaN,NaN,NaN,NaN,NaN,NaN,NaN,NaN,NaN,NaN,NaN,NaN,NaN,NaN,NaN,NaN,NaN,NaN,NaN,NaN,NaN,NaN,NaN,NaN,NaN,NaN,NaN,NaN,NaN,NaN,NaN,NaN,NaN,NaN,NaN,NaN,NaN,NaN,NaN,NaN,NaN,NaN,NaN,NaN,NaN,NaN,NaN,NaN,NaN,NaN,NaN,NaN,NaN,NaN,NaN,NaN,NaN,NaN,NaN,NaN,NaN,NaN,NaN,NaN,NaN,NaN,NaN,NaN,NaN,NaN,NaN,NaN,NaN,NaN,NaN,NaN,NaN,NaN,NaN,NaN,NaN,NaN,NaN,NaN,NaN,NaN,NaN,NaN,NaN,NaN,NaN,NaN,NaN,NaN,NaN,NaN,NaN,NaN,NaN,NaN,NaN,NaN,NaN,NaN,NaN,NaN,NaN,NaN,NaN,NaN,NaN,NaN,NaN,NaN,NaN,NaN,NaN,NaN,NaN,NaN,NaN,NaN,NaN,NaN,NaN,NaN,NaN,NaN,NaN,NaN,NaN,NaN,NaN,NaN,NaN,NaN,NaN,NaN,NaN,NaN,NaN,NaN,NaN,NaN,NaN,NaN,NaN,NaN,NaN,NaN,NaN,NaN,NaN,NaN,NaN,NaN,NaN,NaN,NaN,NaN,NaN,NaN,NaN,NaN,NaN,NaN,NaN,NaN,NaN,NaN,NaN,NaN,NaN,NaN,NaN,NaN,NaN,NaN,NaN,NaN,NaN,NaN,NaN,NaN,NaN,NaN,NaN,NaN,NaN,NaN,NaN,NaN,NaN,NaN,NaN,NaN,NaN,NaN,NaN,NaN,NaN,NaN,NaN,NaN,NaN,NaN,NaN,NaN,NaN,NaN,NaN,NaN,NaN,NaN,NaN,NaN,NaN,NaN,NaN,NaN,NaN,NaN,NaN,,,,,,,,,,,,,,,,,,,,,,,,,,,,,,,,,,,,,,,,,,,,,,,,,
masterfile26,34,FALCON 9 BLOCK 4,CRS-15,ISS RESUPPLY,SPACE EXPLORATION TECHNOLOGIES CORP.,NASA,29 JUNE 2018,09:42:42.000,LAUNCH NOISE,SLC-40,ACRP PROJECT 02-81,BLUE RIDGE RESEARCH AND CONSULTING,10th St & Banana River Dr,10THST,360,NONE,25,"1/2"" MICROPHONE RAND-FIELD",PCB 377B20,148905,50.000,INVERTED,YES,YES,PCB PRMLxT1,LD-LxT,GEOGRAPHIC,WGS 84,28.508350,-80.632497,0.0,NONE,,,,,,,,,,,,,,,,,,NaN,NaN,NaN,NaN,NaN,NaN,NaN,NaN,NaN,NaN,NaN,NaN,NaN,NaN,NaN,NaN,NaN,NaN,NaN,NaN,NaN,NaN,NaN,NaN,NaN,NaN,NaN,NaN,NaN,NaN,NaN,NaN,NaN,NaN,NaN,NaN,NaN,NaN,NaN,NaN,NaN,NaN,NaN,NaN,NaN,NaN,NaN,NaN,NaN,NaN,NaN,NaN,NaN,NaN,NaN,NaN,NaN,NaN,NaN,NaN,NaN,NaN,NaN,NaN,NaN,NaN,NaN,NaN,NaN,NaN,NaN,NaN,NaN,NaN,NaN,NaN,NaN,NaN,NaN,NaN,NaN,NaN,NaN,NaN,NaN,NaN,NaN,NaN,NaN,NaN,NaN,NaN,NaN,NaN,NaN,NaN,NaN,NaN,NaN,NaN,NaN,NaN,NaN,NaN,NaN,NaN,NaN,NaN,NaN,NaN,NaN,NaN,NaN,NaN,NaN,NaN,NaN,NaN,NaN,NaN,NaN,NaN,NaN,NaN,NaN,NaN,NaN,NaN,NaN,NaN,NaN,NaN,NaN,NaN,NaN,NaN,NaN,NaN,NaN,NaN,NaN,NaN,NaN,NaN,NaN,NaN,NaN,NaN,NaN,NaN,NaN,NaN,NaN,NaN,NaN,NaN,NaN,NaN,NaN,NaN,NaN,NaN,NaN,NaN,NaN,NaN,NaN,NaN,NaN,NaN,NaN,NaN,NaN,NaN,NaN,NaN,NaN,NaN,NaN,NaN,NaN,NaN,NaN,NaN,NaN,NaN,NaN,NaN,NaN,NaN,NaN,NaN,NaN,NaN,NaN,NaN,NaN,NaN,NaN,NaN,NaN,NaN,NaN,NaN,NaN,NaN,NaN,NaN,NaN,NaN,NaN,NaN,NaN,NaN,NaN,NaN,NaN,NaN,NaN,NaN,NaN,NaN,NaN,NaN,NaN,NaN,NaN,NaN,NaN,NaN,NaN,NaN,NaN,NaN,NaN,NaN,NaN,NaN,NaN,NaN,NaN,NaN,NaN,NaN,NaN,NaN,NaN,NaN,NaN,NaN,NaN,NaN,NaN,NaN,NaN,NaN,NaN,NaN,NaN,NaN,NaN,NaN,NaN,NaN,NaN,NaN,NaN,NaN,NaN,NaN,NaN,NaN,NaN,NaN,NaN,NaN,NaN,NaN,NaN,NaN,NaN,NaN,NaN,NaN,NaN,NaN,NaN,NaN,NaN,NaN,NaN,NaN,NaN,NaN,NaN,NaN,NaN,NaN,NaN,NaN,NaN,NaN,NaN,NaN,NaN,NaN,NaN,NaN,NaN,NaN,NaN,NaN,NaN,NaN,NaN,NaN,NaN,NaN,NaN,NaN,NaN,NaN,NaN,NaN,NaN,NaN,NaN,NaN,NaN,NaN,NaN,NaN,NaN,NaN,NaN,NaN,NaN,NaN,NaN,NaN,NaN,NaN,NaN,NaN,NaN,NaN,NaN,NaN,NaN,NaN,NaN,NaN,NaN,NaN,NaN,NaN,NaN,NaN,NaN,NaN,,,,,,,,,,,,,,,,,,,,,,,,,,,,,,,,,,,,,,,,,,,,,,,,,
masterfile27,34,FALCON 9 BLOCK 4,CRS-15,ISS RESUPPLY,SPACE EXPLORATION TECHNOLOGIES CORP.,NASA,29 JUNE 2018,09:42:42.000,LAUNCH NOISE,SLC-40,ACRP PROJECT 02-81,BLUE RIDGE RESEARCH AND CONSULTING,UCS 4,UCS04,360,NONE,26,"1/2"" MICROPHONE FREE-FIELD",PCB 377B02,106213,48.350,INVERTED,YES,YES,PCB PRM831,LD-831,GEOGRAPHIC,WGS 84,28.639239,-80.621687,0.0,CONTINUOUS LOW-LEVEL MECH TONAL NOISE 16 HZ,,,,,,,,,,,,,,,,,,,,,,,58.1,57,58.2,58.2,57,62.1,59.4,58.1,59,58.4,57.8,57.9,57.9,60,60.8,60.5,60.4,59.2,58.9,60.3,60.6,60.7,61.6,61.4,61.7,59.9,58.5,57.8,59,60,60.7,60.5,59.3,59.8,59.1,59.5,60.8,60.2,60.2,60.5,59.2,58.6,58.5,61.5,60.1,59,58.9,60.6,60.2,58.8,59.6,59.6,63.6,62.3,59.3,58.2,58.1,60.2,60.7,80.9,79.9,78.6,77.6,85.6,88.8,95.4,97,99,100,98,94.8,94.4,93,93.5,93.2,95.4,96.5,96.4,98,99,98.3,100.3,101.2,105.4,106.1,108.9,109.7,109.7,110.5,109.5,109.1,110.1,108.8,108.9,109.9,111.1,111.6,111,111,111.1,110,110.4,111.3,111.1,111.8,110.1,109.9,108.8,109.7,109.3,108.2,107.5,108.7,108.5,107.8,107.2,108.6,109.2,107.7,107.2,105.9,105.9,106.6,106.4,105.6,105.8,105.4,105.5,104.9,105.8,103.9,103.3,104,103.1,103.6,103.2,102.8,103.4,101.9,103,103.2,102.9,102.2,100.9,100.5,99.7,100.7,101.4,100.5,100.6,98.6,100.3,99.4,101.4,99.2,100.2,99.1,99.2,98.8,98.2,97.6,97.2,98.2,97.7,97.2,97.1,97.5,96.1,97.1,95.7,96.5,96.8,97.7,97.3,96,95,94.4,96.3,96.5,94.5,93.4,93.9,93.1,93.8,94.9,95,94.1,93.6,92.5,94,93.4,92.2,93.5,92.5,93.6,94,92.9,93,91.9,92.6,91.2,90.8,91.9,90.9,92.9,91.4,90.5,92.1,92.1,91.5,92.2,92.3,90.6,92.6,90.8,89,89.8,89.8,89.1,88.8,91.2,90.9,89.5,88,90.6,88.6,90.1,88.2,88.3,88.3,90.2,89.3,90.2,88.6,89.2,87.7,89.1,88.9,88.7,87.2,83.8,86.8,88,86.8,85.9,87.1,87,85.8,85.3,85.3,87.5,86.6,86.9,85.4,84.8,86.5,87.5,85.3,86.5,85,84.5,84.3,84.1,85,84.6,84.9,83.2,83.8,83.6,84.4,85.1,85.5,85.3,83.9,83.3,83.8,84,84.1,84.2,82.3,83.1,84.8,83.9,84.3,83.6,84.3,83.2,82.1,80.5,82.1,81,79.8,81.4,80.3,80.8,82,80.9,81.8,79.2,81.9,80.6,80.9,79.7,79.7,80.8,79.8,80.2,79.2,78.1,80.5,80.4,76.4,78,77.6,78.2,77.7,77.4,79,78.6,79.3,77.6,78.6,80.9,78.4,81,80.7,77.5,79,78.4,78.7,81.6,79.2,79.3,79.8,78.4,79.4,79.2,77,78,78.7,77.9,78.9,77.5,79.4,79.8,78.4,76.8,77.7,78,76.7,78.9,78.1,77.1,78.8,78.1,78.2,78.2,78.9,76.5,77,,,,,,,,,,,,,,,,,,,,,,,,,,,,,,,,,,,,,,,,,,,,
masterfile28,34,FALCON 9 BLOCK 4,CRS-15,ISS RESUPPLY,SPACE EXPLORATION TECHNOLOGIES CORP.,NASA,29 JUNE 2018,09:42:42.000,LAUNCH NOISE,SLC-40,ACRP PROJECT 02-81,BLUE RIDGE RESEARCH AND CONSULTING,UCS 1,UCS01,360,NONE,27,"1/2"" MICROPHONE FREE-FIELD",PCB 377B02,106212,45.830,INVERTED,YES,YES,PCB PRM831,LD-831,GEOGRAPHIC,WGS 84,28.464221,-80.653947,0.0,NONE,,,,,,,,,,,,,,,,,,,,,,,,,,,,,,,,,59.2,59.9,59.5,58.9,58.5,59.4,59.7,60.2,58.8,59.1,58.5,59.2,58.8,59.5,59.1,59.8,59.3,58.5,58.6,59.8,60.2,60.2,59.2,58.6,58.7,59.5,59.7,59.5,58.7,59.3,58.6,59.1,58.7,59.9,60.4,59.9,59,57.9,60,60.7,61,59,58.6,58.8,58.7,58.7,59.2,58.5,58.6,58.6,57.9,59,60.3,61.2,59.6,64.5,63.4,62.2,63.8,66.8,68.4,75.8,78.3,83.8,85,85.7,83,84.3,82.1,83.2,83.4,82.8,83.5,83.7,84.2,81.3,84,85.8,85.2,84.6,84.9,84.4,86.1,87.3,90.6,97.1,101.1,106.3,108.1,109.6,109.2,110.4,110.2,111,110.9,110.2,109.7,109,110.3,109.3,108.9,108.7,109.6,108,108.8,107.1,107.1,107.5,105.5,104.5,105.8,105.8,105.6,105.5,105.1,104.1,104.4,104.1,105,103.7,104.8,102.7,102.9,102.8,102.6,102.4,100.9,101.2,101,101.2,100.8,100.7,100,98.4,98.2,99.1,97,96.5,96.6,97.4,98.1,98.2,96.2,96.9,96.7,95.6,95.1,94.2,94.2,94.6,95.7,95.4,93.9,94.8,95.2,94,94.1,94.3,93.6,91.5,90.8,91.1,92,91,90.1,90.8,89.6,89.2,91,89.1,89.8,89.4,86.7,86.6,87.9,87.5,88.7,84.9,86.2,85.6,87.8,89.7,86.8,84.7,85.8,84.8,83.5,86.6,85.6,85.6,85.5,85.2,84.7,84.7,83.9,83.6,84.6,83.3,82.9,82.9,82.9,82.4,82.2,83.6,83,80.6,81.6,80.3,80,80.3,81.1,80.9,79.7,78.6,79.6,80.5,79.6,78.4,81.2,78.5,76.2,75.3,78.6,75.4,78.1,76.1,76.1,75.6,76.6,74.4,77.3,76.1,74.2,76.5,75.8,76.7,74.5,73,74.3,74.7,75.9,74.9,77.3,74.8,72,70.9,72.8,70.5,72.7,70.7,73.4,71.2,72.5,74,72.8,71.2,70.5,72,73.2,71.6,70.8,71.3,72.4,70,71.4,72.6,72,70.6,71.5,70.8,73.8,70.8,70.3,72.3,70.1,70.4,72.8,72.7,72,69.3,71.7,71.2,71.3,72,71.5,70.6,71.9,73.2,73.6,72.5,71.6,72.7,73.4,73.1,74.9,76.4,74,74.8,74.6,71.5,69.9,71.7,73.4,73.6,75.2,75.6,76.5,74.8,76,74.9,76,76.7,76.8,74.4,74.5,75.9,76.3,73.7,75.6,74.1,74.1,73.9,70.3,73.7,73,73.6,73.7,76,73.4,70.8,73.3,72.4,70.8,72.1,70.7,70,72,70.3,74,69.5,73.9,70.5,71,74.1,71.3,72.1,69.7,69.4,71.1,70.1,70.2,70.9,71.4,70.2,70,69.7,68,66.3,69.8,66.9,,,,,,,,,,,,,,,,,,,,,,,,,,,,,,,,,,
